Workbook

Sheet Overview
B2: Three-Asset Portfolio Optimization: NU / S&P 500 / US Aggregate Bonds
C3: Prepared by Akul Veauli
C4: Data window: Oct 2023 – Jul 2026 (34 monthly closes, 33 monthly returns)
B6: Purpose
C7: This model finds the optimal allocation of a $100,000 portfolio across three assets - Nu Holdings (NU), the S&P 500 (SPY), and US Aggregate Bonds (AGG) - using mean-variance optimization. It quantifies the risk/return trade-off across the feasible set of portfolio weights and identifies the allocation that maximizes risk-adjusted return (Sharpe ratio), the allocation that minimizes volatility, and the allocation reaching a user-specified target return.
B11: Methodology
C12: 1. Monthly close prices for NU, SPY, and AGG are pulled from Yahoo Finance and pasted as raw input data (Price Data tab).
C13: 2. Monthly simple returns, means, standard deviations, correlations, and the covariance matrix are computed with live Excel formulas (Return Stats tab).
C14: 3. A grid search enumerates 231 candidate portfolios (wNU and wSPY stepped 0-100% in 5% increments, wAGG = residual, kept only where wAGG ≥ 0) and computes each portfolio's annualized expected return, variance, volatility, and Sharpe ratio (Optimizer tab).
C15: 4. The Max-Sharpe, Min-Variance, Max-Return, and a user-targetable Custom portfolio are selected from the grid via INDEX/MATCH.
C16: 5. The full feasible set is charted as an efficient-frontier scatter plot; its upper-left edge is the true efficient frontier (Efficient Frontier tab).
C17: 6. Parametric (normal-distribution) VaR and CVaR are computed for the Max-Sharpe portfolio at 95% and 99% confidence (Risk (VaR) tab).
B19: Key Results (live links to Optimizer tab)
C20: Portfolio | D20: wNU | E20: wSPY | F20: wAGG | G20: Exp. Return | H20: Volatility
C21: Max Sharpe Ratio | D21: =Optimizer!C6 -> 0.05 | E21: =Optimizer!D6 -> 0.95 | F21: =Optimizer!E6 -> 0 | G21: =Optimizer!F6 -> 0.24917767 | H21: =Optimizer!G6 -> 0.12792664
C22: Minimum Variance | D22: =Optimizer!C7 -> 0 | E22: =Optimizer!D7 -> 0 | F22: =Optimizer!E7 -> 1 | G22: =Optimizer!F7 -> 0.021046705 | H22: =Optimizer!G7 -> 0.054289877
C23: Maximum Return | D23: =Optimizer!C8 -> 1 | E23: =Optimizer!D8 -> 0 | F23: =Optimizer!E8 -> 0 | G23: =Optimizer!F8 -> 0.34110382 | H23: =Optimizer!G8 -> 0.4444413
C25: Sharpe ratio of Max-Sharpe portfolio | D25: =Optimizer!H6 -> 1.6499899
C26: Risk-free rate assumption (annual) | D26: ='Return Stats'!C65 -> 0.0381
B28: Color Legend
C29: ■ | D29: Input / raw data (editable)
C30: ■ | D30: Formula / calculated output
B32: Data Source
C33: Monthly close prices from Yahoo Finance for NU, SPY, and AGG, October 2023 through July 2026. Risk-free rate is the 3-month Treasury bill yield as of August 2026 (3.81% annualized).

Sheet Price Data
B2: Monthly Close Prices (Raw Input Data)
B3: Source: Yahoo Finance monthly closes. Values below are pasted data (blue).
B5: Date | C5: NU Holdings (NU) | D5: SPDR S&P 500 ETF (SPY) | E5: iShares Core US Aggregate Bond (AGG)
B6: 45200 | C6: 8.2 | D6: 418.2 | E6: 92.31
B7: 45231 | C7: 8.14 | D7: 456.4 | E7: 96.26
B8: 45261 | C8: 8.33 | D8: 475.31 | E8: 99.25
B9: 45292 | C9: 8.61 | D9: 482.88 | E9: 99.1
B10: 45323 | C10: 11.08 | D10: 508.08 | E10: 97.35
B11: 45352 | C11: 11.93 | D11: 523.07 | E11: 97.94
B12: 45383 | C12: 10.86 | D12: 501.98 | E12: 95.23
B13: 45413 | C13: 11.88 | D13: 527.37 | E13: 96.52
B14: 45444 | C14: 12.89 | D14: 544.22 | E14: 97.07
B15: 45474 | C15: 12.13 | D15: 550.81 | E15: 99.11
B16: 45505 | C16: 14.97 | D16: 563.68 | E16: 100.25
B17: 45536 | C17: 13.65 | D17: 573.76 | E17: 101.27
... B39: 46204 | C39: 14.33 | D39: 747.03 | E39: 97.37

Sheet Return Stats
B2: Return Statistics (Live Formulas)
B4: Date | C4: NU Monthly Return | D4: SPY Monthly Return | E4: AGG Monthly Return
B5: ='Price Data'!B7 -> 45231 | C5: ='Price Data'!C7/'Price Data'!C6-1 -> -0.0073170732 | D5: ='Price Data'!D7/'Price Data'!D6-1 -> 0.091343855 | E5: ='Price Data'!E7/'Price Data'!E6-1 -> 0.042790597
B6: ='Price Data'!B8 -> 45261 | C6: ='Price Data'!C8/'Price Data'!C7-1 -> 0.023341523 | D6: ='Price Data'!D8/'Price Data'!D7-1 -> 0.041432954 | E6: ='Price Data'!E8/'Price Data'!E7-1 -> 0.031061708
B7: ='Price Data'!B9 -> 45292 | C7: ='Price Data'!C9/'Price Data'!C8-1 -> 0.033613445 | D7: ='Price Data'!D9/'Price Data'!D8-1 -> 0.015926448 | E7: ='Price Data'!E9/'Price Data'!E8-1 -> -0.001511335
B8: ='Price Data'!B10 -> 45323 | C8: ='Price Data'!C10/'Price Data'!C9-1 -> 0.28687573 | D8: ='Price Data'!D10/'Price Data'!D9-1 -> 0.052186879 | E8: ='Price Data'!E10/'Price Data'!E9-1 -> -0.01765893
B9: ='Price Data'!B11 -> 45352 | C9: ='Price Data'!C11/'Price Data'!C10-1 -> 0.076714801 | D9: ='Price Data'!D11/'Price Data'!D10-1 -> 0.029503228 | E9: ='Price Data'!E11/'Price Data'!E10-1 -> 0.0060606061
B10: ='Price Data'!B12 -> 45383 | C10: ='Price Data'!C12/'Price Data'!C11-1 -> -0.089689858 | D10: ='Price Data'!D12/'Price Data'!D11-1 -> -0.040319651 | E10: ='Price Data'!E12/'Price Data'!E11-1 -> -0.027670002
B11: ='Price Data'!B13 -> 45413 | C11: ='Price Data'!C13/'Price Data'!C12-1 -> 0.093922652 | D11: ='Price Data'!D13/'Price Data'!D12-1 -> 0.050579704 | E11: ='Price Data'!E13/'Price Data'!E12-1 -> 0.013546151
B12: ='Price Data'!B14 -> 45444 | C12: ='Price Data'!C14/'Price Data'!C13-1 -> 0.085016835 | D12: ='Price Data'!D14/'Price Data'!D13-1 -> 0.031951002 | E12: ='Price Data'!E14/'Price Data'!E13-1 -> 0.0056983009
B13: ='Price Data'!B15 -> 45474 | C13: ='Price Data'!C15/'Price Data'!C14-1 -> -0.058960434 | D13: ='Price Data'!D15/'Price Data'!D14-1 -> 0.012109074 | E13: ='Price Data'!E15/'Price Data'!E14-1 -> 0.021015762
B14: ='Price Data'!B16 -> 45505 | C14: ='Price Data'!C16/'Price Data'!C15-1 -> 0.23413026 | D14: ='Price Data'!D16/'Price Data'!D15-1 -> 0.023365589 | E14: ='Price Data'!E16/'Price Data'!E15-1 -> 0.011502371
B15: ='Price Data'!B17 -> 45536 | C15: ='Price Data'!C17/'Price Data'!C16-1 -> -0.088176353 | D15: ='Price Data'!D17/'Price Data'!D16-1 -> 0.017882487 | E15: ='Price Data'!E17/'Price Data'!E16-1 -> 0.010174564
B16: ='Price Data'!B18 -> 45566 | C16: ='Price Data'!C18/'Price Data'!C17-1 -> 0.10549451 | D16: ='Price Data'!D18/'Price Data'!D17-1 -> -0.0089235917 | E16: ='Price Data'!E18/'Price Data'!E17-1 -> -0.028142589
... B37: ='Price Data'!B39 -> 46204 | C37: ='Price Data'!C39/'Price Data'!C38-1 -> 0.07260479 | D37: ='Price Data'!D39/'Price Data'!D38-1 -> 0.0003481661 | E37: ='Price Data'!E39/'Price Data'!E38-1 -> -0.016265912
B39: Summary Statistics
B40: Statistic | C40: NU | D40: SPY | E40: AGG
B41: Mean Monthly Return | C41: =AVERAGE(C5:C37) -> 0.024759296 | D41: =AVERAGE(D5:D37) -> 0.018384012 | E41: =AVERAGE(E5:E37) -> 0.0017371974
B42: Stdev Monthly Return | C42: =_xlfn.STDEV.S(C5:C37) -> 0.12829915 | D42: =_xlfn.STDEV.S(D5:D37) -> 0.036906231 | E42: =_xlfn.STDEV.S(E5:E37) -> 0.015672138
B43: Annualized Return | C43: =(1+C41)^12-1 -> 0.34110382 | D43: =(1+D41)^12-1 -> 0.24433945 | E43: =(1+E41)^12-1 -> 0.021046705
B44: Annualized Volatility | C44: =C42*SQRT(12) -> 0.4444413 | D44: =D42*SQRT(12) -> 0.12784693 | E44: =E42*SQRT(12) -> 0.054289877
B46: Correlation Matrix (Monthly Returns)
C47: NU | D47: SPY | E47: AGG
B48: NU | C48: 1 | D48: =CORREL(C5:C37,D5:D37) -> 0.20752142 | E48: =CORREL(C5:C37,E5:E37) -> 0.0080182453
B49: SPY | C49: =CORREL(D5:D37,C5:C37) -> 0.20752142 | D49: 1 | E49: =CORREL(D5:D37,E5:E37) -> 0.46889087
B50: AGG | C50: =CORREL(E5:E37,C5:C37) -> 0.0080182453 | D50: =CORREL(E5:E37,D5:D37) -> 0.46889087 | E50: 1
B52: Covariance Matrix (Monthly)
C53: NU | D53: SPY | E53: AGG
B54: NU | C54: =_xlfn.COVARIANCE.S(C5:C37,C5:C37) -> 0.016460673 | D54: =_xlfn.COVARIANCE.S(C5:C37,D5:D37) -> 0.00098262185 | E54: =_xlfn.COVARIANCE.S(C5:C37,E5:E37) -> 1.6122462e-05
B55: SPY | C55: =_xlfn.COVARIANCE.S(D5:D37,C5:C37) -> 0.00098262185 | D55: =_xlfn.COVARIANCE.S(D5:D37,D5:D37) -> 0.0013620699 | E55: =_xlfn.COVARIANCE.S(D5:D37,E5:E37) -> 0.00027120625
B56: AGG | C56: =_xlfn.COVARIANCE.S(E5:E37,C5:C37) -> 1.6122462e-05 | D56: =_xlfn.COVARIANCE.S(E5:E37,D5:D37) -> 0.00027120625 | E56: =_xlfn.COVARIANCE.S(E5:E37,E5:E37) -> 0.00024561589
B58: Covariance Matrix (Annualized, Monthly × 12)
C59: NU | D59: SPY | E59: AGG
B60: NU | C60: =C54*12 -> 0.19752807 | D60: =D54*12 -> 0.011791462 | E60: =E54*12 -> 0.00019346954
B61: SPY | C61: =C55*12 -> 0.011791462 | D61: =D55*12 -> 0.016344838 | E61: =E55*12 -> 0.003254475
B62: AGG | C62: =C56*12 -> 0.00019346954 | D62: =D56*12 -> 0.003254475 | E62: =E56*12 -> 0.0029473907
B64: Risk-Free Rate
B65: Risk-free rate (annual, 3-mo T-bill, Aug 2026) | C65: 0.0381

Sheet Optimizer
B2: Portfolio Optimizer - Grid Search (5% weight steps)
B4: Optimal Portfolios ($100,000 Portfolio)
B5: Portfolio | C5: wNU | D5: wSPY | E5: wAGG | F5: Exp. Return | G5: Volatility | H5: Sharpe | I5: $ NU | J5: $ SPY | K5: $ AGG | L5: $ Total
B6: Max Sharpe Ratio | C6: =INDEX($C$14:$C$244,MATCH(MAX($I$14:$I$244),$I$14:$I$244,0)) -> 0.05 | D6: =INDEX($D$14:$D$244,MATCH(MAX($I$14:$I$244),$I$14:$I$244,0)) -> 0.95 | E6: =INDEX($E$14:$E$244,MATCH(MAX($I$14:$I$244),$I$14:$I$244,0)) -> 0 | F6: =INDEX($F$14:$F$244,MATCH(MAX($I$14:$I$244),$I$14:$I$244,0)) -> 0.24917767 | G6: =INDEX($H$14:$H$244,MATCH(MAX($I$14:$I$244),$I$14:$I$244,0)) -> 0.12792664 | H6: =INDEX($I$14:$I$244,MATCH(MAX($I$14:$I$244),$I$14:$I$244,0)) -> 1.6499899 | I6: =C6*100000 -> 5000 | J6: =D6*100000 -> 95000 | K6: =E6*100000 -> 0 | L6: =SUM(I6:K6) -> 100000
B7: Minimum Variance | C7: =INDEX($C$14:$C$244,MATCH(MIN($H$14:$H$244),$H$14:$H$244,0)) -> 0 | D7: =INDEX($D$14:$D$244,MATCH(MIN($H$14:$H$244),$H$14:$H$244,0)) -> 0 | E7: =INDEX($E$14:$E$244,MATCH(MIN($H$14:$H$244),$H$14:$H$244,0)) -> 1 | F7: =INDEX($F$14:$F$244,MATCH(MIN($H$14:$H$244),$H$14:$H$244,0)) -> 0.021046705 | G7: =INDEX($H$14:$H$244,MATCH(MIN($H$14:$H$244),$H$14:$H$244,0)) -> 0.054289877 | H7: =INDEX($I$14:$I$244,MATCH(MIN($H$14:$H$244),$H$14:$H$244,0)) -> -0.31411555 | I7: =C7*100000 -> 0 | J7: =D7*100000 -> 0 | K7: =E7*100000 -> 100000 | L7: =SUM(I7:K7) -> 100000
B8: Maximum Return | C8: =INDEX($C$14:$C$244,MATCH(MAX($F$14:$F$244),$F$14:$F$244,0)) -> 1 | D8: =INDEX($D$14:$D$244,MATCH(MAX($F$14:$F$244),$F$14:$F$244,0)) -> 0 | E8: =INDEX($E$14:$E$244,MATCH(MAX($F$14:$F$244),$F$14:$F$244,0)) -> 0 | F8: =INDEX($F$14:$F$244,MATCH(MAX($F$14:$F$244),$F$14:$F$244,0)) -> 0.34110382 | G8: =INDEX($H$14:$H$244,MATCH(MAX($F$14:$F$244),$F$14:$F$244,0)) -> 0.4444413 | H8: =INDEX($I$14:$I$244,MATCH(MAX($F$14:$F$244),$F$14:$F$244,0)) -> 0.68176342 | I8: =C8*100000 -> 100000 | J8: =D8*100000 -> 0 | K8: =E8*100000 -> 0 | L8: =SUM(I8:K8) -> 100000
B9: Target annual return (input ▸) | D9: 0.15
B10: Custom: Min Vol ≥ Target | C10: =INDEX($C$14:$C$244,MATCH(MIN($J$14:$J$244),$J$14:$J$244,0)) -> 0 | D10: =INDEX($D$14:$D$244,MATCH(MIN($J$14:$J$244),$J$14:$J$244,0)) -> 0.6 | E10: =INDEX($E$14:$E$244,MATCH(MIN($J$14:$J$244),$J$14:$J$244,0)) -> 0.4 | F10: =INDEX($F$14:$F$244,MATCH(MIN($J$14:$J$244),$J$14:$J$244,0)) -> 0.15502235 | G10: =INDEX($H$14:$H$244,MATCH(MIN($J$14:$J$244),$J$14:$J$244,0)) -> 0.088982427 | H10: =INDEX($I$14:$I$244,MATCH(MIN($J$14:$J$244),$J$14:$J$244,0)) -> 1.3139937 | I10: =C10*100000 -> 0 | J10: =D10*100000 -> 60000 | K10: =E10*100000 -> 40000 | L10: =SUM(I10:K10) -> 100000
B11: If no grid portfolio meets the target return, the Custom row falls back to the lowest-vol grid point (helper = 999 for all).
B12: Weight Grid (wAGG = 1 − wNU − wSPY, kept only where wAGG ≥ 0)
C13: wNU | D13: wSPY | E13: wAGG | F13: Exp. Return | G13: Variance | H13: Volatility | I13: Sharpe | J13: Vol-if-≥Target
C14: 0 | D14: 0 | E14: =1-C14-D14 -> 1 | F14: =C14*'Return Stats'!$C$43+D14*'Return Stats'!$D$43+E14*'Return Stats'!$E$43 -> 0.021046705 | G14: =C14^2*'Return Stats'!$C$60+D14^2*'Return Stats'!$D$61+E14^2*'Return Stats'!$E$62+2*C14*D14*'Return Stats'!$D$60+2*C14*E14*'Return Stats'!$E$60+2*D14*E14*'Return Stats'!$E$61 -> 0.0029473907 | H14: =SQRT(G14) -> 0.054289877 | I14: =(F14-'Return Stats'!$C$65)/H14 -> -0.31411555 | J14: =IF(F14>=$D$9,H14,999) -> 999
C15: 0 | D15: 0.05 | E15: =1-C15-D15 -> 0.95 | F15: =C15*'Return Stats'!$C$43+D15*'Return Stats'!$D$43+E15*'Return Stats'!$E$43 -> 0.032211342 | G15: =C15^2*'Return Stats'!$C$60+D15^2*'Return Stats'!$D$61+E15^2*'Return Stats'!$E$62+2*C15*D15*'Return Stats'!$D$60+2*C15*E15*'Return Stats'!$E$60+2*D15*E15*'Return Stats'!$E$61 -> 0.0030100574 | H15: =SQRT(G15) -> 0.05486399 | I15: =(F15-'Return Stats'!$C$65)/H15 -> -0.10733192 | J15: =IF(F15>=$D$9,H15,999) -> 999
C16: 0 | D16: 0.1 | E16: =1-C16-D16 -> 0.9 | F16: =C16*'Return Stats'!$C$43+D16*'Return Stats'!$D$43+E16*'Return Stats'!$E$43 -> 0.04337598 | G16: =C16^2*'Return Stats'!$C$60+D16^2*'Return Stats'!$D$61+E16^2*'Return Stats'!$E$62+2*C16*D16*'Return Stats'!$D$60+2*C16*E16*'Return Stats'!$E$60+2*D16*E16*'Return Stats'!$E$61 -> 0.0031366404 | H16: =SQRT(G16) -> 0.056005717 | I16: =(F16-'Return Stats'!$C$65)/H16 -> 0.094204302 | J16: =IF(F16>=$D$9,H16,999) -> 999
C17: 0 | D17: 0.15 | E17: =1-C17-D17 -> 0.85 | F17: =C17*'Return Stats'!$C$43+D17*'Return Stats'!$D$43+E17*'Return Stats'!$E$43 -> 0.054540617 | G17: =C17^2*'Return Stats'!$C$60+D17^2*'Return Stats'!$D$61+E17^2*'Return Stats'!$E$62+2*C17*D17*'Return Stats'!$D$60+2*C17*E17*'Return Stats'!$E$60+2*D17*E17*'Return Stats'!$E$61 -> 0.0033271398 | H17: =SQRT(G17) -> 0.057681364 | I17: =(F17-'Return Stats'!$C$65)/H17 -> 0.28502475 | J17: =IF(F17>=$D$9,H17,999) -> 999
C18: 0 | D18: 0.2 | E18: =1-C18-D18 -> 0.8 | F18: =C18*'Return Stats'!$C$43+D18*'Return Stats'!$D$43+E18*'Return Stats'!$E$43 -> 0.065705254 | G18: =C18^2*'Return Stats'!$C$60+D18^2*'Return Stats'!$D$61+E18^2*'Return Stats'!$E$62+2*C18*D18*'Return Stats'!$D$60+2*C18*E18*'Return Stats'!$E$60+2*D18*E18*'Return Stats'!$E$61 -> 0.0035815556 | H18: =SQRT(G18) -> 0.059846099 | I18: =(F18-'Return Stats'!$C$65)/H18 -> 0.46127073 | J18: =IF(F18>=$D$9,H18,999) -> 999
C19: 0 | D19: 0.25 | E19: =1-C19-D19 -> 0.75 | F19: =C19*'Return Stats'!$C$43+D19*'Return Stats'!$D$43+E19*'Return Stats'!$E$43 -> 0.076869891 | G19: =C19^2*'Return Stats'!$C$60+D19^2*'Return Stats'!$D$61+E19^2*'Return Stats'!$E$62+2*C19*D19*'Return Stats'!$D$60+2*C19*E19*'Return Stats'!$E$60+2*D19*E19*'Return Stats'!$E$61 -> 0.0038998878 | H19: =SQRT(G19) -> 0.062449082 | I19: =(F19-'Return Stats'!$C$65)/H19 -> 0.62082403 | J19: =IF(F19>=$D$9,H19,999) -> 999
C20: 0 | D20: 0.3 | E20: =1-C20-D20 -> 0.7 | F20: =C20*'Return Stats'!$C$43+D20*'Return Stats'!$D$43+E20*'Return Stats'!$E$43 -> 0.088034528 | G20: =C20^2*'Return Stats'!$C$60+D20^2*'Return Stats'!$D$61+E20^2*'Return Stats'!$E$62+2*C20*D20*'Return Stats'!$D$60+2*C20*E20*'Return Stats'!$E$60+2*D20*E20*'Return Stats'!$E$61 -> 0.0042821364 | H20: =SQRT(G20) -> 0.065438035 | I20: =(F20-'Return Stats'!$C$65)/H20 -> 0.7630811 | J20: =IF(F20>=$D$9,H20,999) -> 999
C21: 0 | D21: 0.35 | E21: =1-C21-D21 -> 0.65 | F21: =C21*'Return Stats'!$C$43+D21*'Return Stats'!$D$43+E21*'Return Stats'!$E$43 -> 0.099199165 | G21: =C21^2*'Return Stats'!$C$60+D21^2*'Return Stats'!$D$61+E21^2*'Return Stats'!$E$62+2*C21*D21*'Return Stats'!$D$60+2*C21*E21*'Return Stats'!$E$60+2*D21*E21*'Return Stats'!$E$61 -> 0.0047283014 | H21: =SQRT(G21) -> 0.068762646 | I21: =(F21-'Return Stats'!$C$65)/H21 -> 0.88855169 | J21: =IF(F21>=$D$9,H21,999) -> 999
C22: 0 | D22: 0.4 | E22: =1-C22-D22 -> 0.6 | F22: =C22*'Return Stats'!$C$43+D22*'Return Stats'!$D$43+E22*'Return Stats'!$E$43 -> 0.1103638 | G22: =C22^2*'Return Stats'!$C$60+D22^2*'Return Stats'!$D$61+E22^2*'Return Stats'!$E$62+2*C22*D22*'Return Stats'!$D$60+2*C22*E22*'Return Stats'!$E$60+2*D22*E22*'Return Stats'!$E$61 -> 0.0052383828 | H22: =SQRT(G22) -> 0.072376673 | I22: =(F22-'Return Stats'!$C$65)/H22 -> 0.9984405 | J22: =IF(F22>=$D$9,H22,999) -> 999
C23: 0 | D23: 0.45 | E23: =1-C23-D23 -> 0.55 | F23: =C23*'Return Stats'!$C$43+D23*'Return Stats'!$D$43+E23*'Return Stats'!$E$43 -> 0.12152844 | G23: =C23^2*'Return Stats'!$C$60+D23^2*'Return Stats'!$D$61+E23^2*'Return Stats'!$E$62+2*C23*D23*'Return Stats'!$D$60+2*C23*E23*'Return Stats'!$E$60+2*D23*E23*'Return Stats'!$E$61 -> 0.0058123806 | H23: =SQRT(G23) -> 0.07623897 | I23: =(F23-'Return Stats'!$C$65)/H23 -> 1.0943018 | J23: =IF(F23>=$D$9,H23,999) -> 999
C24: 0 | D24: 0.5 | E24: =1-C24-D24 -> 0.5 | F24: =C24*'Return Stats'!$C$43+D24*'Return Stats'!$D$43+E24*'Return Stats'!$E$43 -> 0.13269308 | G24: =C24^2*'Return Stats'!$C$60+D24^2*'Return Stats'!$D$61+E24^2*'Return Stats'!$E$62+2*C24*D24*'Return Stats'!$D$60+2*C24*E24*'Return Stats'!$E$60+2*D24*E24*'Return Stats'!$E$61 -> 0.0064502948 | H24: =SQRT(G24) -> 0.080313727 | I24: =(F24-'Return Stats'!$C$65)/H24 -> 1.1777946 | J24: =IF(F24>=$D$9,H24,999) -> 999
C25: 0 | D25: 0.55 | E25: =1-C25-D25 -> 0.45 | F25: =C25*'Return Stats'!$C$43+D25*'Return Stats'!$D$43+E25*'Return Stats'!$E$43 -> 0.14385771 | G25: =C25^2*'Return Stats'!$C$60+D25^2*'Return Stats'!$D$61+E25^2*'Return Stats'!$E$62+2*C25*D25*'Return Stats'!$D$60+2*C25*E25*'Return Stats'!$E$60+2*D25*E25*'Return Stats'!$E$61 -> 0.0071521254 | H25: =SQRT(G25) -> 0.084570239 | I25: =(F25-'Return Stats'!$C$65)/H25 -> 1.2505311 | J25: =IF(F25>=$D$9,H25,999) -> 999
... C244: 1 | D244: 0 | E244: =1-C244-D244 -> 0 | F244: =C244*'Return Stats'!$C$43+D244*'Return Stats'!$D$43+E244*'Return Stats'!$E$43 -> 0.34110382 | G244: =C244^2*'Return Stats'!$C$60+D244^2*'Return Stats'!$D$61+E244^2*'Return Stats'!$E$62+2*C244*D244*'Return Stats'!$D$60+2*C244*E244*'Return Stats'!$E$60+2*D244*E244*'Return Stats'!$E$61 -> 0.19752807 | H244: =SQRT(G244) -> 0.4444413 | I244: =(F244-'Return Stats'!$C$65)/H244 -> 0.68176342 | J244: =IF(F244>=$D$9,H244,999) -> 0.4444413

Sheet Efficient Frontier
B2: Efficient Frontier - Feasible Set of Grid Portfolios
B3: Each dot is a grid portfolio from the Optimizer tab (231 combinations). The efficient frontier is the upper-left edge of this cloud: for a given volatility, no other feasible portfolio in the grid offers a higher return.
B5: Chart Data Source
B6: Feasible set (231 grid portfolios): Optimizer!G / Optimizer!E
B8: Asset | C8: Volatility | D8: Expected Return
B9: NU Holdings | C9: ='Return Stats'!$C$44 -> 0.4444413 | D9: ='Return Stats'!$C$43 -> 0.34110382
B10: SPY | C10: ='Return Stats'!$D$44 -> 0.12784693 | D10: ='Return Stats'!$D$43 -> 0.24433945
B11: AGG | C11: ='Return Stats'!$E$44 -> 0.054289877 | D11: ='Return Stats'!$E$43 -> 0.021046705
B12: Max Sharpe Portfolio | C12: =Optimizer!G6 -> 0.12792664 | D12: =Optimizer!F6 -> 0.24917767

Sheet Risk (VaR)
B2: Risk Analysis - Parametric VaR / CVaR (Max Sharpe Portfolio)
B3: Assumes normally-distributed monthly returns. Portfolio = Max Sharpe weights from Optimizer tab; $100,000 base.
B5: Max Sharpe Portfolio Weights
B6: Asset | C6: Weight
B7: NU Holdings | C7: =Optimizer!C6 -> 0.05
B8: SPY | C8: =Optimizer!D6 -> 0.95
B9: AGG | C9: =Optimizer!E6 -> 0
B11: Monthly Portfolio Statistics (de-annualized)
B12: Metric | C12: Value
B13: Monthly Mean Return =(1+AnnRet)^(1/12)−1 | C13: =(1+Optimizer!F6)^(1/12)-1 -> 0.018713397
B14: Monthly Volatility =AnnVol/√12 | C14: =Optimizer!G6/SQRT(12) -> 0.036929241
B16: Parametric Value-at-Risk & Conditional VaR (Monthly)
B17: Metric | C17: % of Portfolio | D17: $ on $100,000
B18: VaR (95% confidence) | C18: =-($C$13+_xlfn.NORM.S.INV(0.05)*$C$14) -> 0.042029798 | D18: =C18*100000 -> 4202.9798
B19: VaR (99% confidence) | C19: =-($C$13+_xlfn.NORM.S.INV(0.01)*$C$14) -> 0.067196863 | D19: =C19*100000 -> 6719.6863
B20: CVaR / Expected Shortfall (95%) | C20: =-($C$13-(_xlfn.NORM.S.DIST(_xlfn.NORM.S.INV(0.05),FALSE)/0.05)*$C$14) -> 0.05746102 | D20: =C20*100000 -> 5746.102
B21: CVaR / Expected Shortfall (99%) | C21: =-($C$13-(_xlfn.NORM.S.DIST(_xlfn.NORM.S.INV(0.01),FALSE)/0.01)*$C$14) -> 0.07971094 | D21: =C21*100000 -> 7971.094
B23: Caveat: These figures assume normally-distributed returns. NU Holdings has exhibited fat-tailed, skewed monthly returns typical of a young, high-beta EM fintech name; realized drawdowns can exceed the normal-model VaR/CVaR shown here, especially at the 99% confidence level. Treat as a lower-bound risk estimate, not a worst case.
