Workbook
Name Alpha: Assumptions!$G$24
Name C1: Assumptions!$D$21
Name C2: Assumptions!$D$22
Name C3: Assumptions!$D$23
Name CarryRate: Assumptions!$C$15
Name CheckSize: Assumptions!$C$14
Name CondGood: Assumptions!$C$30
Name CondReturn: Assumptions!$C$29
Name FeeAdj: Assumptions!$C$10
Name FeeRate: Assumptions!$C$8
Name FeeYears: Assumptions!$C$9
Name FundSize: Assumptions!$C$5
Name HurdleRate: Assumptions!$C$16
Name HurdleToggle: Assumptions!$C$17
Name InitialCheck: Assumptions!$C$13
Name InvestableCapital: Assumptions!$C$11
Name MaxMultiple: Assumptions!$C$25
Name MC_GrossMOIC: 'Monte Carlo'!$AB$6:$AB$505
Name MC_NetMOIC: 'Monte Carlo'!$AI$6:$AI$505
Name Mu1: Assumptions!$F$22
Name Mu2: Assumptions!$F$23
Name N_Companies: Assumptions!$C$6
Name OutlierEM: Assumptions!$C$34
Name OutlierEM2: Assumptions!$C$35
Name P_Good: Assumptions!$C$23
Name P_Outlier: Assumptions!$C$24
Name P_Return: Assumptions!$C$22
Name P_Zero: Assumptions!$C$21
Name ReservePool: Assumptions!$C$12
Name ReserveRatio: Assumptions!$C$7
Name Sigma1: Assumptions!$G$22
Name Sigma2: Assumptions!$G$23
Name Xm: Assumptions!$F$24

Sheet Overview
B2: VC FUND MONTE CARLO & PORTFOLIO CONSTRUCTION MODEL
B3: Prepared by Akul Veauli
B5: PURPOSE
B6: Simulate the fund-level MOIC distribution of a seed/Series-A venture fund under stylized power-law company outcomes, and use closed-form portfolio-construction math to solve for an appropriate portfolio size (N) and reserve/check-sizing strategy - i.e., how many bets a fund needs to place, and how big, to reliably capture outlier-driven returns without taking on excessive variance.
B10: METHODOLOGY
B11: Each portfolio company's exit outcome is drawn from a four-bucket mixture (Assumptions tab): a write-off probability, a 'return capital-ish' lognormal bucket, a 'good outcome' lognormal bucket, and an 8% power-law outlier bucket modeled as a Pareto tail (alpha≈1.1) capped at 300x - deliberately fat-tailed so that a small share of trials produce the 50-100x+ outcomes that drive real venture returns. The Single Fund Sim tab shows one fund's mechanics company-by-company; the Monte Carlo tab repeats this 500 times (12,500 company draws) to build an empirical net-MOIC distribution after a 2%×10yr management-fee drag on investable capital and a 20% carry (with an 8% toggleable hurdle). The Portfolio Construction tab then derives, in closed form, how many companies a fund needs to reasonably guarantee landing at least one outlier, how fund MOIC variance (not its mean) scales with N, and an illustrative Kelly-criterion cross-check on check sizing.
B18: KEY RESULTS (live - re-randomizes on every recalculation)
B19: Fund Size | D19: =FundSize -> 60000000
B20: Portfolio Companies (N) | D20: =N_Companies -> 25
B21: Investable Capital | D21: =InvestableCapital -> 48000000
B22: Mean Net MOIC (500 trials) | D22: =Results!$C$6 -> 2.6469918
B23: Median Net MOIC (500 trials) | D23: =Results!$C$7 -> 1.8563701
B24: P(Net MOIC < 1.0x) | D24: =Results!$C$13 -> 0.192
B25: P5 / P95 Net MOIC | D25: =Results!$C$9&" / "&Results!$C$12&"x" -> 0.468179526705523 / 8.32861791466085x
B26: Recommended N range (closed-form) | D26: ='Portfolio Construction'!$C$15&" – "&'Portfolio Construction'!$C$16 -> 28 – 36
B28: Note: RAND()-driven results are NOT seeded. Every recalculation (F9, or opening the file) draws a fresh set of 500 simulated funds and a fresh single-fund illustration - figures above and on the Monte Carlo / Results / Single Fund Sim tabs will fluctuate run to run by design.
B30: LEGEND
B31: Input (edit me) | D31: Formula (live, do not overwrite)
B32: Header | D32: Section banner

Sheet Assumptions
B2: ASSUMPTIONS - VC FUND TERMS & OUTCOME DISTRIBUTION
B4: FUND TERMS
B5: Fund Size ($) | C5: 60000000 | E5: Blue = input. Black = formula. See legend on Overview tab.
B6: Number of Portfolio Companies (N) | C6: 25
B7: Reserve Ratio (follow-on % of investable capital) | C7: 0.5
B8: Annual Management Fee Rate | C8: 0.02
B9: Fee Term (years) | C9: 10
B10: Fee Drag Adjustment Factor (1.0 = full straight-line drag) | C10: 1
B11: Investable Capital ($) = Fund Size × (1 − Fee×Years×Adj) | C11: =C5*(1-C8*C9*C10) -> 48000000
B12: Reserve Pool ($) = Investable Capital × Reserve Ratio | C12: =C11*C7 -> 24000000
B13: Initial Check per Company ($) = Investable × (1−Reserve) / N | C13: =C11*(1-C7)/C6 -> 960000
B14: Total Invested per Company at Full Deployment ($) | C14: =C11/C6 -> 1920000
B15: Carry Rate | C15: 0.2
B16: Hurdle Rate (preferred return, compounded over fee term) | C16: 0.08
B17: Hurdle Toggle (1 = hurdle applies, 0 = American-style straight 20%) | C17: 1
B19: OUTCOME DISTRIBUTION (stylized power-law, per stage bucket)
B20: Bucket | C20: Probability | D20: Cumulative | E20: Multiple Model | F20: Param 1 | G20: Param 2
B21: Zero (write-off) | C21: 0.4 | D21: =C21 -> 0.4 | E21: Fixed 0x | F21: - | G21: -
B22: Return of Capital-ish | C22: 0.3 | D22: =D21+C22 -> 0.7 | E22: Lognormal | F22: 0 | G22: 0.5
B23: Good Outcome | C23: 0.22 | D23: =D22+C23 -> 0.92 | E23: Lognormal | F23: 1.3 | G23: 0.5
B24: Outlier (power-law tail) | C24: 0.08 | D24: =D23+C24 -> 1 | E24: Pareto | F24: 10 | G24: 1.1
B25: Max Multiple Cap (applies to Pareto tail only) | C25: 300
B26: Bucket probabilities/multiples are stylized to be broadly consistent with published VC return-dispersion studies (e.g., Correlation Ventures' analysis of seed/Series-A outcomes, and AngelList portfolio data) - no specific dataset's figures are reproduced; treat as illustrative, not empirical fact.
B28: CONDITIONAL PROBABILITIES (for compact single-cell Monte Carlo formulas)
B29: P(Return | not Zero) = P(Return)/(1−P(Zero)) | C29: =C22/(1-C21) -> 0.5
B30: P(Good | not Zero, not Return) = P(Good)/(1−P(Zero)−P(Return)) | C30: =C23/(1-C21-C22) -> 0.73333333
B31: These convert the cumulative bucket structure into nested independent RAND() draws, used where a single compact formula (no helper column) is required - see Monte Carlo tab.
B33: OUTLIER BUCKET - CAPPED MOMENTS (numerical, alpha=1.1 < 2 ⇒ divergent raw variance)
B34: Outlier E[M] - capped Pareto mean (numerically integrated) | C34: 38.83149
B35: Outlier E[M²] - capped Pareto 2nd moment (numerically integrated) | C35: 4622.3451
B36: Because alpha=1.1 is below 2, the *uncapped* Pareto distribution has an infinite raw second moment (and its variance is likewise undefined). The 300x cap makes the moments finite; the two values above are computed by numerically integrating E[min(X,M)] and E[min(X,M)^2] for X~Pareto(xm=10, alpha=1.1) at cap M=300, then entered here as input constants (blue) for use in the closed-form Portfolio Construction tab.

Sheet Single Fund Sim
B2: SINGLE FUND SIMULATION - ONE FUND, COMPANY-BY-COMPANY MECHANICS
B3: Press F9 to re-randomize this fund. Each row is one portfolio company; RAND() draws are live and non-seeded.
B5: Company # | C5: Check Size ($) | D5: RAND() Draw | E5: Outcome Bucket | F5: Exit Multiple | G5: Proceeds ($)
B6: 1 | C6: =CheckSize -> 1920000 | D6: =RAND() -> 0.022915082 | E6: =IF(D6<Assumptions!$D$21,"Zero",IF(D6<Assumptions!$D$22,"Return Capital",IF(D6<Assumptions!$D$23,"Good","Outlier"))) -> Zero | F6: =IF(E6="Zero",0,IF(E6="Return Capital",_xlfn.LOGNORM.INV(RAND(),MV2,Sigma1),IF(E6="Good",_xlfn.LOGNORM.INV(RAND(),MV3,Sigma2),MIN(MaxMultiple,Xm/(1-RAND())^(1/Alpha))))) -> 0 | G6: =C6*F6 -> 0
B7: 2 | C7: =CheckSize -> 1920000 | D7: =RAND() -> 0.87510859 | E7: =IF(D7<Assumptions!$D$21,"Zero",IF(D7<Assumptions!$D$22,"Return Capital",IF(D7<Assumptions!$D$23,"Good","Outlier"))) -> Good | F7: =IF(E7="Zero",0,IF(E7="Return Capital",_xlfn.LOGNORM.INV(RAND(),MV2,Sigma1),IF(E7="Good",_xlfn.LOGNORM.INV(RAND(),MV3,Sigma2),MIN(MaxMultiple,Xm/(1-RAND())^(1/Alpha))))) -> 0.62143872 | G7: =C7*F7 -> 1193162.3
B8: 3 | C8: =CheckSize -> 1920000 | D8: =RAND() -> 0.51629581 | E8: =IF(D8<Assumptions!$D$21,"Zero",IF(D8<Assumptions!$D$22,"Return Capital",IF(D8<Assumptions!$D$23,"Good","Outlier"))) -> Return Capital | F8: =IF(E8="Zero",0,IF(E8="Return Capital",_xlfn.LOGNORM.INV(RAND(),MV2,Sigma1),IF(E8="Good",_xlfn.LOGNORM.INV(RAND(),MV3,Sigma2),MIN(MaxMultiple,Xm/(1-RAND())^(1/Alpha))))) -> 1.5285873 | G8: =C8*F8 -> 2934887.6
B9: 4 | C9: =CheckSize -> 1920000 | D9: =RAND() -> 0.15094128 | E9: =IF(D9<Assumptions!$D$21,"Zero",IF(D9<Assumptions!$D$22,"Return Capital",IF(D9<Assumptions!$D$23,"Good","Outlier"))) -> Zero | F9: =IF(E9="Zero",0,IF(E9="Return Capital",_xlfn.LOGNORM.INV(RAND(),MV2,Sigma1),IF(E9="Good",_xlfn.LOGNORM.INV(RAND(),MV3,Sigma2),MIN(MaxMultiple,Xm/(1-RAND())^(1/Alpha))))) -> 0 | G9: =C9*F9 -> 0
B10: 5 | C10: =CheckSize -> 1920000 | D10: =RAND() -> 0.41040435 | E10: =IF(D10<Assumptions!$D$21,"Zero",IF(D10<Assumptions!$D$22,"Return Capital",IF(D10<Assumptions!$D$23,"Good","Outlier"))) -> Return Capital | F10: =IF(E10="Zero",0,IF(E10="Return Capital",_xlfn.LOGNORM.INV(RAND(),MV2,Sigma1),IF(E10="Good",_xlfn.LOGNORM.INV(RAND(),MV3,Sigma2),MIN(MaxMultiple,Xm/(1-RAND())^(1/Alpha))))) -> 0.54226445 | G10: =C10*F10 -> 1041147.7
B11: 6 | C11: =CheckSize -> 1920000 | D11: =RAND() -> 0.074017059 | E11: =IF(D11<Assumptions!$D$21,"Zero",IF(D11<Assumptions!$D$22,"Return Capital",IF(D11<Assumptions!$D$23,"Good","Outlier"))) -> Zero | F11: =IF(E11="Zero",0,IF(E11="Return Capital",_xlfn.LOGNORM.INV(RAND(),MV2,Sigma1),IF(E11="Good",_xlfn.LOGNORM.INV(RAND(),MV3,Sigma2),MIN(MaxMultiple,Xm/(1-RAND())^(1/Alpha))))) -> 0 | G11: =C11*F11 -> 0
B12: 7 | C12: =CheckSize -> 1920000 | D12: =RAND() -> 0.87005154 | E12: =IF(D12<Assumptions!$D$21,"Zero",IF(D12<Assumptions!$D$22,"Return Capital",IF(D12<Assumptions!$D$23,"Good","Outlier"))) -> Good | F12: =IF(E12="Zero",0,IF(E12="Return Capital",_xlfn.LOGNORM.INV(RAND(),MV2,Sigma1),IF(E12="Good",_xlfn.LOGNORM.INV(RAND(),MV3,Sigma2),MIN(MaxMultiple,Xm/(1-RAND())^(1/Alpha))))) -> 0.52907652 | G12: =C12*F12 -> 1015826.9
B13: 8 | C13: =CheckSize -> 1920000 | D13: =RAND() -> 0.06632847 | E13: =IF(D13<Assumptions!$D$21,"Zero",IF(D13<Assumptions!$D$22,"Return Capital",IF(D13<Assumptions!$D$23,"Good","Outlier"))) -> Zero | F13: =IF(E13="Zero",0,IF(E13="Return Capital",_xlfn.LOGNORM.INV(RAND(),MV2,Sigma1),IF(E13="Good",_xlfn.LOGNORM.INV(RAND(),MV3,Sigma2),MIN(MaxMultiple,Xm/(1-RAND())^(1/Alpha))))) -> 0 | G13: =C13*F13 -> 0
B14: 9 | C14: =CheckSize -> 1920000 | D14: =RAND() -> 0.40087459 | E14: =IF(D14<Assumptions!$D$21,"Zero",IF(D14<Assumptions!$D$22,"Return Capital",IF(D14<Assumptions!$D$23,"Good","Outlier"))) -> Return Capital | F14: =IF(E14="Zero",0,IF(E14="Return Capital",_xlfn.LOGNORM.INV(RAND(),MV2,Sigma1),IF(E14="Good",_xlfn.LOGNORM.INV(RAND(),MV3,Sigma2),MIN(MaxMultiple,Xm/(1-RAND())^(1/Alpha))))) -> 0.83255863 | G14: =C14*F14 -> 1598512.6
B15: 10 | C15: =CheckSize -> 1920000 | D15: =RAND() -> 0.15350217 | E15: =IF(D15<Assumptions!$D$21,"Zero",IF(D15<Assumptions!$D$22,"Return Capital",IF(D15<Assumptions!$D$23,"Good","Outlier"))) -> Zero | F15: =IF(E15="Zero",0,IF(E15="Return Capital",_xlfn.LOGNORM.INV(RAND(),MV2,Sigma1),IF(E15="Good",_xlfn.LOGNORM.INV(RAND(),MV3,Sigma2),MIN(MaxMultiple,Xm/(1-RAND())^(1/Alpha))))) -> 0 | G15: =C15*F15 -> 0
B16: 11 | C16: =CheckSize -> 1920000 | D16: =RAND() -> 0.75336676 | E16: =IF(D16<Assumptions!$D$21,"Zero",IF(D16<Assumptions!$D$22,"Return Capital",IF(D16<Assumptions!$D$23,"Good","Outlier"))) -> Good | F16: =IF(E16="Zero",0,IF(E16="Return Capital",_xlfn.LOGNORM.INV(RAND(),MV2,Sigma1),IF(E16="Good",_xlfn.LOGNORM.INV(RAND(),MV3,Sigma2),MIN(MaxMultiple,Xm/(1-RAND())^(1/Alpha))))) -> 2.9853605 | G16: =C16*F16 -> 5731892.2
B17: 12 | C17: =CheckSize -> 1920000 | D17: =RAND() -> 0.53327729 | E17: =IF(D17<Assumptions!$D$21,"Zero",IF(D17<Assumptions!$D$22,"Return Capital",IF(D17<Assumptions!$D$23,"Good","Outlier"))) -> Return Capital | F17: =IF(E17="Zero",0,IF(E17="Return Capital",_xlfn.LOGNORM.INV(RAND(),MV2,Sigma1),IF(E17="Good",_xlfn.LOGNORM.INV(RAND(),MV3,Sigma2),MIN(MaxMultiple,Xm/(1-RAND())^(1/Alpha))))) -> 1.2952869 | G17: =C17*F17 -> 2486950.9
B18: 13 | C18: =CheckSize -> 1920000 | D18: =RAND() -> 0.44886546 | E18: =IF(D18<Assumptions!$D$21,"Zero",IF(D18<Assumptions!$D$22,"Return Capital",IF(D18<Assumptions!$D$23,"Good","Outlier"))) -> Return Capital | F18: =IF(E18="Zero",0,IF(E18="Return Capital",_xlfn.LOGNORM.INV(RAND(),MV2,Sigma1),IF(E18="Good",_xlfn.LOGNORM.INV(RAND(),MV3,Sigma2),MIN(MaxMultiple,Xm/(1-RAND())^(1/Alpha))))) -> 2.3302572 | G18: =C18*F18 -> 4474093.9
B19: 14 | C19: =CheckSize -> 1920000 | D19: =RAND() -> 0.50272475 | E19: =IF(D19<Assumptions!$D$21,"Zero",IF(D19<Assumptions!$D$22,"Return Capital",IF(D19<Assumptions!$D$23,"Good","Outlier"))) -> Return Capital | F19: =IF(E19="Zero",0,IF(E19="Return Capital",_xlfn.LOGNORM.INV(RAND(),MV2,Sigma1),IF(E19="Good",_xlfn.LOGNORM.INV(RAND(),MV3,Sigma2),MIN(MaxMultiple,Xm/(1-RAND())^(1/Alpha))))) -> 0.53088034 | G19: =C19*F19 -> 1019290.2
B20: 15 | C20: =CheckSize -> 1920000 | D20: =RAND() -> 0.24428027 | E20: =IF(D20<Assumptions!$D$21,"Zero",IF(D20<Assumptions!$D$22,"Return Capital",IF(D20<Assumptions!$D$23,"Good","Outlier"))) -> Zero | F20: =IF(E20="Zero",0,IF(E20="Return Capital",_xlfn.LOGNORM.INV(RAND(),MV2,Sigma1),IF(E20="Good",_xlfn.LOGNORM.INV(RAND(),MV3,Sigma2),MIN(MaxMultiple,Xm/(1-RAND())^(1/Alpha))))) -> 0 | G20: =C20*F20 -> 0
B21: 16 | C21: =CheckSize -> 1920000 | D21: =RAND() -> 0.056275045 | E21: =IF(D21<Assumptions!$D$21,"Zero",IF(D21<Assumptions!$D$22,"Return Capital",IF(D21<Assumptions!$D$23,"Good","Outlier"))) -> Zero | F21: =IF(E21="Zero",0,IF(E21="Return Capital",_xlfn.LOGNORM.INV(RAND(),MV2,Sigma1),IF(E21="Good",_xlfn.LOGNORM.INV(RAND(),MV3,Sigma2),MIN(MaxMultiple,Xm/(1-RAND())^(1/Alpha))))) -> 0 | G21: =C21*F21 -> 0
B22: 17 | C22: =CheckSize -> 1920000 | D22: =RAND() -> 0.73163001 | E22: =IF(D22<Assumptions!$D$21,"Zero",IF(D22<Assumptions!$D$22,"Return Capital",IF(D22<Assumptions!$D$23,"Good","Outlier"))) -> Good | F22: =IF(E22="Zero",0,IF(E22="Return Capital",_xlfn.LOGNORM.INV(RAND(),MV2,Sigma1),IF(E22="Good",_xlfn.LOGNORM.INV(RAND(),MV3,Sigma2),MIN(MaxMultiple,Xm/(1-RAND())^(1/Alpha))))) -> 0.47773563 | G22: =C22*F22 -> 917252.42
B23: 18 | C23: =CheckSize -> 1920000 | D23: =RAND() -> 0.53076098 | E23: =IF(D23<Assumptions!$D$21,"Zero",IF(D23<Assumptions!$D$22,"Return Capital",IF(D23<Assumptions!$D$23,"Good","Outlier"))) -> Return Capital | F23: =IF(E23="Zero",0,IF(E23="Return Capital",_xlfn.LOGNORM.INV(RAND(),MV2,Sigma1),IF(E23="Good",_xlfn.LOGNORM.INV(RAND(),MV3,Sigma2),MIN(MaxMultiple,Xm/(1-RAND())^(1/Alpha))))) -> 0.87114083 | G23: =C23*F23 -> 1672590.4
B24: 19 | C24: =CheckSize -> 1920000 | D24: =RAND() -> 0.61642503 | E24: =IF(D24<Assumptions!$D$21,"Zero",IF(D24<Assumptions!$D$22,"Return Capital",IF(D24<Assumptions!$D$23,"Good","Outlier"))) -> Return Capital | F24: =IF(E24="Zero",0,IF(E24="Return Capital",_xlfn.LOGNORM.INV(RAND(),MV2,Sigma1),IF(E24="Good",_xlfn.LOGNORM.INV(RAND(),MV3,Sigma2),MIN(MaxMultiple,Xm/(1-RAND())^(1/Alpha))))) -> 0.46949686 | G24: =C24*F24 -> 901433.97
B25: 20 | C25: =CheckSize -> 1920000 | D25: =RAND() -> 0.44088034 | E25: =IF(D25<Assumptions!$D$21,"Zero",IF(D25<Assumptions!$D$22,"Return Capital",IF(D25<Assumptions!$D$23,"Good","Outlier"))) -> Return Capital | F25: =IF(E25="Zero",0,IF(E25="Return Capital",_xlfn.LOGNORM.INV(RAND(),MV2,Sigma1),IF(E25="Good",_xlfn.LOGNORM.INV(RAND(),MV3,Sigma2),MIN(MaxMultiple,Xm/(1-RAND())^(1/Alpha))))) -> 1.191138 | G25: =C25*F25 -> 2286985
B26: 21 | C26: =CheckSize -> 1920000 | D26: =RAND() -> 0.14005457 | E26: =IF(D26<Assumptions!$D$21,"Zero",IF(D26<Assumptions!$D$22,"Return Capital",IF(D26<Assumptions!$D$23,"Good","Outlier"))) -> Zero | F26: =IF(E26="Zero",0,IF(E26="Return Capital",_xlfn.LOGNORM.INV(RAND(),MV2,Sigma1),IF(E26="Good",_xlfn.LOGNORM.INV(RAND(),MV3,Sigma2),MIN(MaxMultiple,Xm/(1-RAND())^(1/Alpha))))) -> 0 | G26: =C26*F26 -> 0
B27: 22 | C27: =CheckSize -> 1920000 | D27: =RAND() -> 0.65858015 | E27: =IF(D27<Assumptions!$D$21,"Zero",IF(D27<Assumptions!$D$22,"Return Capital",IF(D27<Assumptions!$D$23,"Good","Outlier"))) -> Return Capital | F27: =IF(E27="Zero",0,IF(E27="Return Capital",_xlfn.LOGNORM.INV(RAND(),MV2,Sigma1),IF(E27="Good",_xlfn.LOGNORM.INV(RAND(),MV3,Sigma2),MIN(MaxMultiple,Xm/(1-RAND())^(1/Alpha))))) -> 2.4695626 | G27: =C27*F27 -> 4741560.2
B28: 23 | C28: =CheckSize -> 1920000 | D28: =RAND() -> 0.052060985 | E28: =IF(D28<Assumptions!$D$21,"Zero",IF(D28<Assumptions!$D$22,"Return Capital",IF(D28<Assumptions!$D$23,"Good","Outlier"))) -> Zero | F28: =IF(E28="Zero",0,IF(E28="Return Capital",_xlfn.LOGNORM.INV(RAND(),MV2,Sigma1),IF(E28="Good",_xlfn.LOGNORM.INV(RAND(),MV3,Sigma2),MIN(MaxMultiple,Xm/(1-RAND())^(1/Alpha))))) -> 0 | G28: =C28*F28 -> 0
B29: 24 | C29: =CheckSize -> 1920000 | D29: =RAND() -> 0.54068001 | E29: =IF(D29<Assumptions!$D$21,"Zero",IF(D29<Assumptions!$D$22,"Return Capital",IF(D29<Assumptions!$D$23,"Good","Outlier"))) -> Return Capital | F29: =IF(E29="Zero",0,IF(E29="Return Capital",_xlfn.LOGNORM.INV(RAND(),MV2,Sigma1),IF(E29="Good",_xlfn.LOGNORM.INV(RAND(),MV3,Sigma2),MIN(MaxMultiple,Xm/(1-RAND())^(1/Alpha))))) -> 0.35826976 | G29: =C29*F29 -> 687877.93
B30: 25 | C30: =CheckSize -> 1920000 | D30: =RAND() -> 0.44559464 | E30: =IF(D30<Assumptions!$D$21,"Zero",IF(D30<Assumptions!$D$22,"Return Capital",IF(D30<Assumptions!$D$23,"Good","Outlier"))) -> Return Capital | F30: =IF(E30="Zero",0,IF(E30="Return Capital",_xlfn.LOGNORM.INV(RAND(),MV2,Sigma1),IF(E30="Good",_xlfn.LOGNORM.INV(RAND(),MV3,Sigma2),MIN(MaxMultiple,Xm/(1-RAND())^(1/Alpha))))) -> 0.63881191 | G30: =C30*F30 -> 1226518.9
B32: FUND TOTALS
B33: Gross Proceeds ($) | C33: =SUM(G6:G30) -> 33929983
B34: Investable Capital ($) | C34: =InvestableCapital -> 48000000
B35: Gross MOIC (on invested capital) | C35: =C33/C34 -> 0.70687465
B36: Profit ($) = Gross Proceeds − Investable Capital | C36: =C33-C34 -> -14070017
B37: Hurdle Amount ($) = Toggle × Investable × ((1+Hurdle)^Years − 1) | C37: =HurdleToggle*C34*((1+HurdleRate)^FeeYears-1) -> 55628400
B38: Carry Base ($) = MAX(0, Profit − Hurdle Amount) | C38: =MAX(0,C36-C37) -> 0
B39: GP Carry ($) = 20% × Carry Base | C39: =CarryRate*C38 -> 0
B40: Net Proceeds to LPs ($) | C40: =C33-C39 -> 33929983
B41: Net MOIC to LPs (on Fund Size) | C41: =C40/FundSize -> 0.56549972

Sheet Monte Carlo
B2: MONTE CARLO - 500 SIMULATED FUNDS (25 COMPANIES EACH, INLINE)
B3: Each row = one independently simulated fund. Each of the 25 company columns is ONE compact formula returning proceeds-per-$1-invested (the exit multiple), using nested independent RAND() draws calibrated to the bucket probabilities in Assumptions. Recalculates (F9) live - 12,500 formula cells total.
B5: Trial # | C5: Co.1 | D5: Co.2 | E5: Co.3 | F5: Co.4 | G5: Co.5 | H5: Co.6 | I5: Co.7 | J5: Co.8 | K5: Co.9 | L5: Co.10 | M5: Co.11 | N5: Co.12 | O5: Co.13 | P5: Co.14 | Q5: Co.15 | R5: Co.16 | S5: Co.17 | T5: Co.18 | U5: Co.19 | V5: Co.20 | W5: Co.21 | X5: Co.22 | Y5: Co.23 | Z5: Co.24 | AA5: Co.25 | AB5: Gross MOIC | AC5: Gross Proceeds | AD5: Profit | AE5: Hurdle Amt | AF5: Carry Base | AG5: GP Carry | AH5: Net Proceeds | AI5: Net MOIC
B6: 1 | C6: =IF(RAND()<P_Zero,0,IF(RAND()<CondReturn,_xlfn.LOGNORM.INV(RAND(),MV2,Sigma1),IF(RAND()<CondGood,_xlfn.LOGNORM.INV(RAND(),MV3,Sigma2),MIN(MaxMultiple,Xm/(1-RAND())^(1/Alpha))))) -> 0 | D6: =IF(RAND()<P_Zero,0,IF(RAND()<CondReturn,_xlfn.LOGNORM.INV(RAND(),MV2,Sigma1),IF(RAND()<CondGood,_xlfn.LOGNORM.INV(RAND(),MV3,Sigma2),MIN(MaxMultiple,Xm/(1-RAND())^(1/Alpha))))) -> 2.3706426 | E6: =IF(RAND()<P_Zero,0,IF(RAND()<CondReturn,_xlfn.LOGNORM.INV(RAND(),MV2,Sigma1),IF(RAND()<CondGood,_xlfn.LOGNORM.INV(RAND(),MV3,Sigma2),MIN(MaxMultiple,Xm/(1-RAND())^(1/Alpha))))) -> 0 | F6: =IF(RAND()<P_Zero,0,IF(RAND()<CondReturn,_xlfn.LOGNORM.INV(RAND(),MV2,Sigma1),IF(RAND()<CondGood,_xlfn.LOGNORM.INV(RAND(),MV3,Sigma2),MIN(MaxMultiple,Xm/(1-RAND())^(1/Alpha))))) -> 0 | G6: =IF(RAND()<P_Zero,0,IF(RAND()<CondReturn,_xlfn.LOGNORM.INV(RAND(),MV2,Sigma1),IF(RAND()<CondGood,_xlfn.LOGNORM.INV(RAND(),MV3,Sigma2),MIN(MaxMultiple,Xm/(1-RAND())^(1/Alpha))))) -> 0 | H6: =IF(RAND()<P_Zero,0,IF(RAND()<CondReturn,_xlfn.LOGNORM.INV(RAND(),MV2,Sigma1),IF(RAND()<CondGood,_xlfn.LOGNORM.INV(RAND(),MV3,Sigma2),MIN(MaxMultiple,Xm/(1-RAND())^(1/Alpha))))) -> 0 | I6: =IF(RAND()<P_Zero,0,IF(RAND()<CondReturn,_xlfn.LOGNORM.INV(RAND(),MV2,Sigma1),IF(RAND()<CondGood,_xlfn.LOGNORM.INV(RAND(),MV3,Sigma2),MIN(MaxMultiple,Xm/(1-RAND())^(1/Alpha))))) -> 0.86419459 | J6: =IF(RAND()<P_Zero,0,IF(RAND()<CondReturn,_xlfn.LOGNORM.INV(RAND(),MV2,Sigma1),IF(RAND()<CondGood,_xlfn.LOGNORM.INV(RAND(),MV3,Sigma2),MIN(MaxMultiple,Xm/(1-RAND())^(1/Alpha))))) -> 0 | K6: =IF(RAND()<P_Zero,0,IF(RAND()<CondReturn,_xlfn.LOGNORM.INV(RAND(),MV2,Sigma1),IF(RAND()<CondGood,_xlfn.LOGNORM.INV(RAND(),MV3,Sigma2),MIN(MaxMultiple,Xm/(1-RAND())^(1/Alpha))))) -> 0.71190435 | L6: =IF(RAND()<P_Zero,0,IF(RAND()<CondReturn,_xlfn.LOGNORM.INV(RAND(),MV2,Sigma1),IF(RAND()<CondGood,_xlfn.LOGNORM.INV(RAND(),MV3,Sigma2),MIN(MaxMultiple,Xm/(1-RAND())^(1/Alpha))))) -> 1.5978971 | M6: =IF(RAND()<P_Zero,0,IF(RAND()<CondReturn,_xlfn.LOGNORM.INV(RAND(),MV2,Sigma1),IF(RAND()<CondGood,_xlfn.LOGNORM.INV(RAND(),MV3,Sigma2),MIN(MaxMultiple,Xm/(1-RAND())^(1/Alpha))))) -> 1.2087929 | N6: =IF(RAND()<P_Zero,0,IF(RAND()<CondReturn,_xlfn.LOGNORM.INV(RAND(),MV2,Sigma1),IF(RAND()<CondGood,_xlfn.LOGNORM.INV(RAND(),MV3,Sigma2),MIN(MaxMultiple,Xm/(1-RAND())^(1/Alpha))))) -> 1.1222729 | O6: =IF(RAND()<P_Zero,0,IF(RAND()<CondReturn,_xlfn.LOGNORM.INV(RAND(),MV2,Sigma1),IF(RAND()<CondGood,_xlfn.LOGNORM.INV(RAND(),MV3,Sigma2),MIN(MaxMultiple,Xm/(1-RAND())^(1/Alpha))))) -> 23.133995 | P6: =IF(RAND()<P_Zero,0,IF(RAND()<CondReturn,_xlfn.LOGNORM.INV(RAND(),MV2,Sigma1),IF(RAND()<CondGood,_xlfn.LOGNORM.INV(RAND(),MV3,Sigma2),MIN(MaxMultiple,Xm/(1-RAND())^(1/Alpha))))) -> 0.86534651 | Q6: =IF(RAND()<P_Zero,0,IF(RAND()<CondReturn,_xlfn.LOGNORM.INV(RAND(),MV2,Sigma1),IF(RAND()<CondGood,_xlfn.LOGNORM.INV(RAND(),MV3,Sigma2),MIN(MaxMultiple,Xm/(1-RAND())^(1/Alpha))))) -> 22.615605 | R6: =IF(RAND()<P_Zero,0,IF(RAND()<CondReturn,_xlfn.LOGNORM.INV(RAND(),MV2,Sigma1),IF(RAND()<CondGood,_xlfn.LOGNORM.INV(RAND(),MV3,Sigma2),MIN(MaxMultiple,Xm/(1-RAND())^(1/Alpha))))) -> 0 | S6: =IF(RAND()<P_Zero,0,IF(RAND()<CondReturn,_xlfn.LOGNORM.INV(RAND(),MV2,Sigma1),IF(RAND()<CondGood,_xlfn.LOGNORM.INV(RAND(),MV3,Sigma2),MIN(MaxMultiple,Xm/(1-RAND())^(1/Alpha))))) -> 1.1034049 | T6: =IF(RAND()<P_Zero,0,IF(RAND()<CondReturn,_xlfn.LOGNORM.INV(RAND(),MV2,Sigma1),IF(RAND()<CondGood,_xlfn.LOGNORM.INV(RAND(),MV3,Sigma2),MIN(MaxMultiple,Xm/(1-RAND())^(1/Alpha))))) -> 0.49597041 | U6: =IF(RAND()<P_Zero,0,IF(RAND()<CondReturn,_xlfn.LOGNORM.INV(RAND(),MV2,Sigma1),IF(RAND()<CondGood,_xlfn.LOGNORM.INV(RAND(),MV3,Sigma2),MIN(MaxMultiple,Xm/(1-RAND())^(1/Alpha))))) -> 1.0287368 | V6: =IF(RAND()<P_Zero,0,IF(RAND()<CondReturn,_xlfn.LOGNORM.INV(RAND(),MV2,Sigma1),IF(RAND()<CondGood,_xlfn.LOGNORM.INV(RAND(),MV3,Sigma2),MIN(MaxMultiple,Xm/(1-RAND())^(1/Alpha))))) -> 0 | W6: =IF(RAND()<P_Zero,0,IF(RAND()<CondReturn,_xlfn.LOGNORM.INV(RAND(),MV2,Sigma1),IF(RAND()<CondGood,_xlfn.LOGNORM.INV(RAND(),MV3,Sigma2),MIN(MaxMultiple,Xm/(1-RAND())^(1/Alpha))))) -> 0.89121852 | X6: =IF(RAND()<P_Zero,0,IF(RAND()<CondReturn,_xlfn.LOGNORM.INV(RAND(),MV2,Sigma1),IF(RAND()<CondGood,_xlfn.LOGNORM.INV(RAND(),MV3,Sigma2),MIN(MaxMultiple,Xm/(1-RAND())^(1/Alpha))))) -> 0.7288076 | Y6: =IF(RAND()<P_Zero,0,IF(RAND()<CondReturn,_xlfn.LOGNORM.INV(RAND(),MV2,Sigma1),IF(RAND()<CondGood,_xlfn.LOGNORM.INV(RAND(),MV3,Sigma2),MIN(MaxMultiple,Xm/(1-RAND())^(1/Alpha))))) -> 0 | Z6: =IF(RAND()<P_Zero,0,IF(RAND()<CondReturn,_xlfn.LOGNORM.INV(RAND(),MV2,Sigma1),IF(RAND()<CondGood,_xlfn.LOGNORM.INV(RAND(),MV3,Sigma2),MIN(MaxMultiple,Xm/(1-RAND())^(1/Alpha))))) -> 0.97652723 | AA6: =IF(RAND()<P_Zero,0,IF(RAND()<CondReturn,_xlfn.LOGNORM.INV(RAND(),MV2,Sigma1),IF(RAND()<CondGood,_xlfn.LOGNORM.INV(RAND(),MV3,Sigma2),MIN(MaxMultiple,Xm/(1-RAND())^(1/Alpha))))) -> 18.537949 | AB6: =AVERAGE(C6:AA6) -> 3.1301306 | AC6: =AB6*InvestableCapital -> 1.5024627e+08 | AD6: =AC6-InvestableCapital -> 1.0224627e+08 | AE6: =HurdleToggle*InvestableCapital*((1+HurdleRate)^FeeYears-1) -> 55628400 | AF6: =MAX(0,AD6-AE6) -> 46617869 | AG6: =CarryRate*AF6 -> 9323573.8 | AH6: =AC6-AG6 -> 1.409227e+08 | AI6: =AH6/FundSize -> 2.3487116
B7: 2 | C7: =IF(RAND()<P_Zero,0,IF(RAND()<CondReturn,_xlfn.LOGNORM.INV(RAND(),MV2,Sigma1),IF(RAND()<CondGood,_xlfn.LOGNORM.INV(RAND(),MV3,Sigma2),MIN(MaxMultiple,Xm/(1-RAND())^(1/Alpha))))) -> 1.148446 | D7: =IF(RAND()<P_Zero,0,IF(RAND()<CondReturn,_xlfn.LOGNORM.INV(RAND(),MV2,Sigma1),IF(RAND()<CondGood,_xlfn.LOGNORM.INV(RAND(),MV3,Sigma2),MIN(MaxMultiple,Xm/(1-RAND())^(1/Alpha))))) -> 0.69132586 | E7: =IF(RAND()<P_Zero,0,IF(RAND()<CondReturn,_xlfn.LOGNORM.INV(RAND(),MV2,Sigma1),IF(RAND()<CondGood,_xlfn.LOGNORM.INV(RAND(),MV3,Sigma2),MIN(MaxMultiple,Xm/(1-RAND())^(1/Alpha))))) -> 1.5908165 | F7: =IF(RAND()<P_Zero,0,IF(RAND()<CondReturn,_xlfn.LOGNORM.INV(RAND(),MV2,Sigma1),IF(RAND()<CondGood,_xlfn.LOGNORM.INV(RAND(),MV3,Sigma2),MIN(MaxMultiple,Xm/(1-RAND())^(1/Alpha))))) -> 0.45060673 | G7: =IF(RAND()<P_Zero,0,IF(RAND()<CondReturn,_xlfn.LOGNORM.INV(RAND(),MV2,Sigma1),IF(RAND()<CondGood,_xlfn.LOGNORM.INV(RAND(),MV3,Sigma2),MIN(MaxMultiple,Xm/(1-RAND())^(1/Alpha))))) -> 1.3055467 | H7: =IF(RAND()<P_Zero,0,IF(RAND()<CondReturn,_xlfn.LOGNORM.INV(RAND(),MV2,Sigma1),IF(RAND()<CondGood,_xlfn.LOGNORM.INV(RAND(),MV3,Sigma2),MIN(MaxMultiple,Xm/(1-RAND())^(1/Alpha))))) -> 0 | I7: =IF(RAND()<P_Zero,0,IF(RAND()<CondReturn,_xlfn.LOGNORM.INV(RAND(),MV2,Sigma1),IF(RAND()<CondGood,_xlfn.LOGNORM.INV(RAND(),MV3,Sigma2),MIN(MaxMultiple,Xm/(1-RAND())^(1/Alpha))))) -> 0.90531197 | J7: =IF(RAND()<P_Zero,0,IF(RAND()<CondReturn,_xlfn.LOGNORM.INV(RAND(),MV2,Sigma1),IF(RAND()<CondGood,_xlfn.LOGNORM.INV(RAND(),MV3,Sigma2),MIN(MaxMultiple,Xm/(1-RAND())^(1/Alpha))))) -> 0 | K7: =IF(RAND()<P_Zero,0,IF(RAND()<CondReturn,_xlfn.LOGNORM.INV(RAND(),MV2,Sigma1),IF(RAND()<CondGood,_xlfn.LOGNORM.INV(RAND(),MV3,Sigma2),MIN(MaxMultiple,Xm/(1-RAND())^(1/Alpha))))) -> 0 | L7: =IF(RAND()<P_Zero,0,IF(RAND()<CondReturn,_xlfn.LOGNORM.INV(RAND(),MV2,Sigma1),IF(RAND()<CondGood,_xlfn.LOGNORM.INV(RAND(),MV3,Sigma2),MIN(MaxMultiple,Xm/(1-RAND())^(1/Alpha))))) -> 0.27972218 | M7: =IF(RAND()<P_Zero,0,IF(RAND()<CondReturn,_xlfn.LOGNORM.INV(RAND(),MV2,Sigma1),IF(RAND()<CondGood,_xlfn.LOGNORM.INV(RAND(),MV3,Sigma2),MIN(MaxMultiple,Xm/(1-RAND())^(1/Alpha))))) -> 2.7220785 | N7: =IF(RAND()<P_Zero,0,IF(RAND()<CondReturn,_xlfn.LOGNORM.INV(RAND(),MV2,Sigma1),IF(RAND()<CondGood,_xlfn.LOGNORM.INV(RAND(),MV3,Sigma2),MIN(MaxMultiple,Xm/(1-RAND())^(1/Alpha))))) -> 0 | O7: =IF(RAND()<P_Zero,0,IF(RAND()<CondReturn,_xlfn.LOGNORM.INV(RAND(),MV2,Sigma1),IF(RAND()<CondGood,_xlfn.LOGNORM.INV(RAND(),MV3,Sigma2),MIN(MaxMultiple,Xm/(1-RAND())^(1/Alpha))))) -> 1.3712503 | P7: =IF(RAND()<P_Zero,0,IF(RAND()<CondReturn,_xlfn.LOGNORM.INV(RAND(),MV2,Sigma1),IF(RAND()<CondGood,_xlfn.LOGNORM.INV(RAND(),MV3,Sigma2),MIN(MaxMultiple,Xm/(1-RAND())^(1/Alpha))))) -> 0 | Q7: =IF(RAND()<P_Zero,0,IF(RAND()<CondReturn,_xlfn.LOGNORM.INV(RAND(),MV2,Sigma1),IF(RAND()<CondGood,_xlfn.LOGNORM.INV(RAND(),MV3,Sigma2),MIN(MaxMultiple,Xm/(1-RAND())^(1/Alpha))))) -> 0 | R7: =IF(RAND()<P_Zero,0,IF(RAND()<CondReturn,_xlfn.LOGNORM.INV(RAND(),MV2,Sigma1),IF(RAND()<CondGood,_xlfn.LOGNORM.INV(RAND(),MV3,Sigma2),MIN(MaxMultiple,Xm/(1-RAND())^(1/Alpha))))) -> 2.820115 | S7: =IF(RAND()<P_Zero,0,IF(RAND()<CondReturn,_xlfn.LOGNORM.INV(RAND(),MV2,Sigma1),IF(RAND()<CondGood,_xlfn.LOGNORM.INV(RAND(),MV3,Sigma2),MIN(MaxMultiple,Xm/(1-RAND())^(1/Alpha))))) -> 41.42021 | T7: =IF(RAND()<P_Zero,0,IF(RAND()<CondReturn,_xlfn.LOGNORM.INV(RAND(),MV2,Sigma1),IF(RAND()<CondGood,_xlfn.LOGNORM.INV(RAND(),MV3,Sigma2),MIN(MaxMultiple,Xm/(1-RAND())^(1/Alpha))))) -> 0.68104349 | U7: =IF(RAND()<P_Zero,0,IF(RAND()<CondReturn,_xlfn.LOGNORM.INV(RAND(),MV2,Sigma1),IF(RAND()<CondGood,_xlfn.LOGNORM.INV(RAND(),MV3,Sigma2),MIN(MaxMultiple,Xm/(1-RAND())^(1/Alpha))))) -> 1.9741889 | V7: =IF(RAND()<P_Zero,0,IF(RAND()<CondReturn,_xlfn.LOGNORM.INV(RAND(),MV2,Sigma1),IF(RAND()<CondGood,_xlfn.LOGNORM.INV(RAND(),MV3,Sigma2),MIN(MaxMultiple,Xm/(1-RAND())^(1/Alpha))))) -> 1.1122484 | W7: =IF(RAND()<P_Zero,0,IF(RAND()<CondReturn,_xlfn.LOGNORM.INV(RAND(),MV2,Sigma1),IF(RAND()<CondGood,_xlfn.LOGNORM.INV(RAND(),MV3,Sigma2),MIN(MaxMultiple,Xm/(1-RAND())^(1/Alpha))))) -> 0 | X7: =IF(RAND()<P_Zero,0,IF(RAND()<CondReturn,_xlfn.LOGNORM.INV(RAND(),MV2,Sigma1),IF(RAND()<CondGood,_xlfn.LOGNORM.INV(RAND(),MV3,Sigma2),MIN(MaxMultiple,Xm/(1-RAND())^(1/Alpha))))) -> 0.98433688 | Y7: =IF(RAND()<P_Zero,0,IF(RAND()<CondReturn,_xlfn.LOGNORM.INV(RAND(),MV2,Sigma1),IF(RAND()<CondGood,_xlfn.LOGNORM.INV(RAND(),MV3,Sigma2),MIN(MaxMultiple,Xm/(1-RAND())^(1/Alpha))))) -> 0 | Z7: =IF(RAND()<P_Zero,0,IF(RAND()<CondReturn,_xlfn.LOGNORM.INV(RAND(),MV2,Sigma1),IF(RAND()<CondGood,_xlfn.LOGNORM.INV(RAND(),MV3,Sigma2),MIN(MaxMultiple,Xm/(1-RAND())^(1/Alpha))))) -> 0.91237954 | AA7: =IF(RAND()<P_Zero,0,IF(RAND()<CondReturn,_xlfn.LOGNORM.INV(RAND(),MV2,Sigma1),IF(RAND()<CondGood,_xlfn.LOGNORM.INV(RAND(),MV3,Sigma2),MIN(MaxMultiple,Xm/(1-RAND())^(1/Alpha))))) -> 1.0624646 | AB7: =AVERAGE(C7:AA7) -> 2.4572837 | AC7: =AB7*InvestableCapital -> 1.1794962e+08 | AD7: =AC7-InvestableCapital -> 69949616 | AE7: =HurdleToggle*InvestableCapital*((1+HurdleRate)^FeeYears-1) -> 55628400 | AF7: =MAX(0,AD7-AE7) -> 14321216 | AG7: =CarryRate*AF7 -> 2864243.2 | AH7: =AC7-AG7 -> 1.1508537e+08 | AI7: =AH7/FundSize -> 1.9180895
B8: 3 | C8: =IF(RAND()<P_Zero,0,IF(RAND()<CondReturn,_xlfn.LOGNORM.INV(RAND(),MV2,Sigma1),IF(RAND()<CondGood,_xlfn.LOGNORM.INV(RAND(),MV3,Sigma2),MIN(MaxMultiple,Xm/(1-RAND())^(1/Alpha))))) -> 23.020823 | D8: =IF(RAND()<P_Zero,0,IF(RAND()<CondReturn,_xlfn.LOGNORM.INV(RAND(),MV2,Sigma1),IF(RAND()<CondGood,_xlfn.LOGNORM.INV(RAND(),MV3,Sigma2),MIN(MaxMultiple,Xm/(1-RAND())^(1/Alpha))))) -> 0 | E8: =IF(RAND()<P_Zero,0,IF(RAND()<CondReturn,_xlfn.LOGNORM.INV(RAND(),MV2,Sigma1),IF(RAND()<CondGood,_xlfn.LOGNORM.INV(RAND(),MV3,Sigma2),MIN(MaxMultiple,Xm/(1-RAND())^(1/Alpha))))) -> 0.88947828 | F8: =IF(RAND()<P_Zero,0,IF(RAND()<CondReturn,_xlfn.LOGNORM.INV(RAND(),MV2,Sigma1),IF(RAND()<CondGood,_xlfn.LOGNORM.INV(RAND(),MV3,Sigma2),MIN(MaxMultiple,Xm/(1-RAND())^(1/Alpha))))) -> 50.502866 | G8: =IF(RAND()<P_Zero,0,IF(RAND()<CondReturn,_xlfn.LOGNORM.INV(RAND(),MV2,Sigma1),IF(RAND()<CondGood,_xlfn.LOGNORM.INV(RAND(),MV3,Sigma2),MIN(MaxMultiple,Xm/(1-RAND())^(1/Alpha))))) -> 1.0510485 | H8: =IF(RAND()<P_Zero,0,IF(RAND()<CondReturn,_xlfn.LOGNORM.INV(RAND(),MV2,Sigma1),IF(RAND()<CondGood,_xlfn.LOGNORM.INV(RAND(),MV3,Sigma2),MIN(MaxMultiple,Xm/(1-RAND())^(1/Alpha))))) -> 13.469861 | I8: =IF(RAND()<P_Zero,0,IF(RAND()<CondReturn,_xlfn.LOGNORM.INV(RAND(),MV2,Sigma1),IF(RAND()<CondGood,_xlfn.LOGNORM.INV(RAND(),MV3,Sigma2),MIN(MaxMultiple,Xm/(1-RAND())^(1/Alpha))))) -> 0 | J8: =IF(RAND()<P_Zero,0,IF(RAND()<CondReturn,_xlfn.LOGNORM.INV(RAND(),MV2,Sigma1),IF(RAND()<CondGood,_xlfn.LOGNORM.INV(RAND(),MV3,Sigma2),MIN(MaxMultiple,Xm/(1-RAND())^(1/Alpha))))) -> 0 | K8: =IF(RAND()<P_Zero,0,IF(RAND()<CondReturn,_xlfn.LOGNORM.INV(RAND(),MV2,Sigma1),IF(RAND()<CondGood,_xlfn.LOGNORM.INV(RAND(),MV3,Sigma2),MIN(MaxMultiple,Xm/(1-RAND())^(1/Alpha))))) -> 0 | L8: =IF(RAND()<P_Zero,0,IF(RAND()<CondReturn,_xlfn.LOGNORM.INV(RAND(),MV2,Sigma1),IF(RAND()<CondGood,_xlfn.LOGNORM.INV(RAND(),MV3,Sigma2),MIN(MaxMultiple,Xm/(1-RAND())^(1/Alpha))))) -> 1.7041172 | M8: =IF(RAND()<P_Zero,0,IF(RAND()<CondReturn,_xlfn.LOGNORM.INV(RAND(),MV2,Sigma1),IF(RAND()<CondGood,_xlfn.LOGNORM.INV(RAND(),MV3,Sigma2),MIN(MaxMultiple,Xm/(1-RAND())^(1/Alpha))))) -> 1.159678 | N8: =IF(RAND()<P_Zero,0,IF(RAND()<CondReturn,_xlfn.LOGNORM.INV(RAND(),MV2,Sigma1),IF(RAND()<CondGood,_xlfn.LOGNORM.INV(RAND(),MV3,Sigma2),MIN(MaxMultiple,Xm/(1-RAND())^(1/Alpha))))) -> 1.331213 | O8: =IF(RAND()<P_Zero,0,IF(RAND()<CondReturn,_xlfn.LOGNORM.INV(RAND(),MV2,Sigma1),IF(RAND()<CondGood,_xlfn.LOGNORM.INV(RAND(),MV3,Sigma2),MIN(MaxMultiple,Xm/(1-RAND())^(1/Alpha))))) -> 1.9612136 | P8: =IF(RAND()<P_Zero,0,IF(RAND()<CondReturn,_xlfn.LOGNORM.INV(RAND(),MV2,Sigma1),IF(RAND()<CondGood,_xlfn.LOGNORM.INV(RAND(),MV3,Sigma2),MIN(MaxMultiple,Xm/(1-RAND())^(1/Alpha))))) -> 0 | Q8: =IF(RAND()<P_Zero,0,IF(RAND()<CondReturn,_xlfn.LOGNORM.INV(RAND(),MV2,Sigma1),IF(RAND()<CondGood,_xlfn.LOGNORM.INV(RAND(),MV3,Sigma2),MIN(MaxMultiple,Xm/(1-RAND())^(1/Alpha))))) -> 0 | R8: =IF(RAND()<P_Zero,0,IF(RAND()<CondReturn,_xlfn.LOGNORM.INV(RAND(),MV2,Sigma1),IF(RAND()<CondGood,_xlfn.LOGNORM.INV(RAND(),MV3,Sigma2),MIN(MaxMultiple,Xm/(1-RAND())^(1/Alpha))))) -> 0.4460862 | S8: =IF(RAND()<P_Zero,0,IF(RAND()<CondReturn,_xlfn.LOGNORM.INV(RAND(),MV2,Sigma1),IF(RAND()<CondGood,_xlfn.LOGNORM.INV(RAND(),MV3,Sigma2),MIN(MaxMultiple,Xm/(1-RAND())^(1/Alpha))))) -> 1.4931892 | T8: =IF(RAND()<P_Zero,0,IF(RAND()<CondReturn,_xlfn.LOGNORM.INV(RAND(),MV2,Sigma1),IF(RAND()<CondGood,_xlfn.LOGNORM.INV(RAND(),MV3,Sigma2),MIN(MaxMultiple,Xm/(1-RAND())^(1/Alpha))))) -> 1.6835398 | U8: =IF(RAND()<P_Zero,0,IF(RAND()<CondReturn,_xlfn.LOGNORM.INV(RAND(),MV2,Sigma1),IF(RAND()<CondGood,_xlfn.LOGNORM.INV(RAND(),MV3,Sigma2),MIN(MaxMultiple,Xm/(1-RAND())^(1/Alpha))))) -> 0.54910796 | V8: =IF(RAND()<P_Zero,0,IF(RAND()<CondReturn,_xlfn.LOGNORM.INV(RAND(),MV2,Sigma1),IF(RAND()<CondGood,_xlfn.LOGNORM.INV(RAND(),MV3,Sigma2),MIN(MaxMultiple,Xm/(1-RAND())^(1/Alpha))))) -> 0.62107712 | W8: =IF(RAND()<P_Zero,0,IF(RAND()<CondReturn,_xlfn.LOGNORM.INV(RAND(),MV2,Sigma1),IF(RAND()<CondGood,_xlfn.LOGNORM.INV(RAND(),MV3,Sigma2),MIN(MaxMultiple,Xm/(1-RAND())^(1/Alpha))))) -> 1.7423138 | X8: =IF(RAND()<P_Zero,0,IF(RAND()<CondReturn,_xlfn.LOGNORM.INV(RAND(),MV2,Sigma1),IF(RAND()<CondGood,_xlfn.LOGNORM.INV(RAND(),MV3,Sigma2),MIN(MaxMultiple,Xm/(1-RAND())^(1/Alpha))))) -> 0 | Y8: =IF(RAND()<P_Zero,0,IF(RAND()<CondReturn,_xlfn.LOGNORM.INV(RAND(),MV2,Sigma1),IF(RAND()<CondGood,_xlfn.LOGNORM.INV(RAND(),MV3,Sigma2),MIN(MaxMultiple,Xm/(1-RAND())^(1/Alpha))))) -> 0.55833884 | Z8: =IF(RAND()<P_Zero,0,IF(RAND()<CondReturn,_xlfn.LOGNORM.INV(RAND(),MV2,Sigma1),IF(RAND()<CondGood,_xlfn.LOGNORM.INV(RAND(),MV3,Sigma2),MIN(MaxMultiple,Xm/(1-RAND())^(1/Alpha))))) -> 0 | AA8: =IF(RAND()<P_Zero,0,IF(RAND()<CondReturn,_xlfn.LOGNORM.INV(RAND(),MV2,Sigma1),IF(RAND()<CondGood,_xlfn.LOGNORM.INV(RAND(),MV3,Sigma2),MIN(MaxMultiple,Xm/(1-RAND())^(1/Alpha))))) -> 0.72702586 | AB8: =AVERAGE(C8:AA8) -> 4.1164391 | AC8: =AB8*InvestableCapital -> 1.9758908e+08 | AD8: =AC8-InvestableCapital -> 1.4958908e+08 | AE8: =HurdleToggle*InvestableCapital*((1+HurdleRate)^FeeYears-1) -> 55628400 | AF8: =MAX(0,AD8-AE8) -> 93960679 | AG8: =CarryRate*AF8 -> 18792136 | AH8: =AC8-AG8 -> 1.7879694e+08 | AI8: =AH8/FundSize -> 2.979949
B9: 4 | C9: =IF(RAND()<P_Zero,0,IF(RAND()<CondReturn,_xlfn.LOGNORM.INV(RAND(),MV2,Sigma1),IF(RAND()<CondGood,_xlfn.LOGNORM.INV(RAND(),MV3,Sigma2),MIN(MaxMultiple,Xm/(1-RAND())^(1/Alpha))))) -> 1.3207637 | D9: =IF(RAND()<P_Zero,0,IF(RAND()<CondReturn,_xlfn.LOGNORM.INV(RAND(),MV2,Sigma1),IF(RAND()<CondGood,_xlfn.LOGNORM.INV(RAND(),MV3,Sigma2),MIN(MaxMultiple,Xm/(1-RAND())^(1/Alpha))))) -> 1.029933 | E9: =IF(RAND()<P_Zero,0,IF(RAND()<CondReturn,_xlfn.LOGNORM.INV(RAND(),MV2,Sigma1),IF(RAND()<CondGood,_xlfn.LOGNORM.INV(RAND(),MV3,Sigma2),MIN(MaxMultiple,Xm/(1-RAND())^(1/Alpha))))) -> 2.1489923 | F9: =IF(RAND()<P_Zero,0,IF(RAND()<CondReturn,_xlfn.LOGNORM.INV(RAND(),MV2,Sigma1),IF(RAND()<CondGood,_xlfn.LOGNORM.INV(RAND(),MV3,Sigma2),MIN(MaxMultiple,Xm/(1-RAND())^(1/Alpha))))) -> 1.2523058 | G9: =IF(RAND()<P_Zero,0,IF(RAND()<CondReturn,_xlfn.LOGNORM.INV(RAND(),MV2,Sigma1),IF(RAND()<CondGood,_xlfn.LOGNORM.INV(RAND(),MV3,Sigma2),MIN(MaxMultiple,Xm/(1-RAND())^(1/Alpha))))) -> 1.2250737 | H9: =IF(RAND()<P_Zero,0,IF(RAND()<CondReturn,_xlfn.LOGNORM.INV(RAND(),MV2,Sigma1),IF(RAND()<CondGood,_xlfn.LOGNORM.INV(RAND(),MV3,Sigma2),MIN(MaxMultiple,Xm/(1-RAND())^(1/Alpha))))) -> 1.4362851 | I9: =IF(RAND()<P_Zero,0,IF(RAND()<CondReturn,_xlfn.LOGNORM.INV(RAND(),MV2,Sigma1),IF(RAND()<CondGood,_xlfn.LOGNORM.INV(RAND(),MV3,Sigma2),MIN(MaxMultiple,Xm/(1-RAND())^(1/Alpha))))) -> 0 | J9: =IF(RAND()<P_Zero,0,IF(RAND()<CondReturn,_xlfn.LOGNORM.INV(RAND(),MV2,Sigma1),IF(RAND()<CondGood,_xlfn.LOGNORM.INV(RAND(),MV3,Sigma2),MIN(MaxMultiple,Xm/(1-RAND())^(1/Alpha))))) -> 0 | K9: =IF(RAND()<P_Zero,0,IF(RAND()<CondReturn,_xlfn.LOGNORM.INV(RAND(),MV2,Sigma1),IF(RAND()<CondGood,_xlfn.LOGNORM.INV(RAND(),MV3,Sigma2),MIN(MaxMultiple,Xm/(1-RAND())^(1/Alpha))))) -> 0 | L9: =IF(RAND()<P_Zero,0,IF(RAND()<CondReturn,_xlfn.LOGNORM.INV(RAND(),MV2,Sigma1),IF(RAND()<CondGood,_xlfn.LOGNORM.INV(RAND(),MV3,Sigma2),MIN(MaxMultiple,Xm/(1-RAND())^(1/Alpha))))) -> 0 | M9: =IF(RAND()<P_Zero,0,IF(RAND()<CondReturn,_xlfn.LOGNORM.INV(RAND(),MV2,Sigma1),IF(RAND()<CondGood,_xlfn.LOGNORM.INV(RAND(),MV3,Sigma2),MIN(MaxMultiple,Xm/(1-RAND())^(1/Alpha))))) -> 1.1553973 | N9: =IF(RAND()<P_Zero,0,IF(RAND()<CondReturn,_xlfn.LOGNORM.INV(RAND(),MV2,Sigma1),IF(RAND()<CondGood,_xlfn.LOGNORM.INV(RAND(),MV3,Sigma2),MIN(MaxMultiple,Xm/(1-RAND())^(1/Alpha))))) -> 0 | O9: =IF(RAND()<P_Zero,0,IF(RAND()<CondReturn,_xlfn.LOGNORM.INV(RAND(),MV2,Sigma1),IF(RAND()<CondGood,_xlfn.LOGNORM.INV(RAND(),MV3,Sigma2),MIN(MaxMultiple,Xm/(1-RAND())^(1/Alpha))))) -> 1.5207064 | P9: =IF(RAND()<P_Zero,0,IF(RAND()<CondReturn,_xlfn.LOGNORM.INV(RAND(),MV2,Sigma1),IF(RAND()<CondGood,_xlfn.LOGNORM.INV(RAND(),MV3,Sigma2),MIN(MaxMultiple,Xm/(1-RAND())^(1/Alpha))))) -> 0 | Q9: =IF(RAND()<P_Zero,0,IF(RAND()<CondReturn,_xlfn.LOGNORM.INV(RAND(),MV2,Sigma1),IF(RAND()<CondGood,_xlfn.LOGNORM.INV(RAND(),MV3,Sigma2),MIN(MaxMultiple,Xm/(1-RAND())^(1/Alpha))))) -> 0 | R9: =IF(RAND()<P_Zero,0,IF(RAND()<CondReturn,_xlfn.LOGNORM.INV(RAND(),MV2,Sigma1),IF(RAND()<CondGood,_xlfn.LOGNORM.INV(RAND(),MV3,Sigma2),MIN(MaxMultiple,Xm/(1-RAND())^(1/Alpha))))) -> 1.0709694 | S9: =IF(RAND()<P_Zero,0,IF(RAND()<CondReturn,_xlfn.LOGNORM.INV(RAND(),MV2,Sigma1),IF(RAND()<CondGood,_xlfn.LOGNORM.INV(RAND(),MV3,Sigma2),MIN(MaxMultiple,Xm/(1-RAND())^(1/Alpha))))) -> 0 | T9: =IF(RAND()<P_Zero,0,IF(RAND()<CondReturn,_xlfn.LOGNORM.INV(RAND(),MV2,Sigma1),IF(RAND()<CondGood,_xlfn.LOGNORM.INV(RAND(),MV3,Sigma2),MIN(MaxMultiple,Xm/(1-RAND())^(1/Alpha))))) -> 0.61976411 | U9: =IF(RAND()<P_Zero,0,IF(RAND()<CondReturn,_xlfn.LOGNORM.INV(RAND(),MV2,Sigma1),IF(RAND()<CondGood,_xlfn.LOGNORM.INV(RAND(),MV3,Sigma2),MIN(MaxMultiple,Xm/(1-RAND())^(1/Alpha))))) -> 1.0078457 | V9: =IF(RAND()<P_Zero,0,IF(RAND()<CondReturn,_xlfn.LOGNORM.INV(RAND(),MV2,Sigma1),IF(RAND()<CondGood,_xlfn.LOGNORM.INV(RAND(),MV3,Sigma2),MIN(MaxMultiple,Xm/(1-RAND())^(1/Alpha))))) -> 1.6936059 | W9: =IF(RAND()<P_Zero,0,IF(RAND()<CondReturn,_xlfn.LOGNORM.INV(RAND(),MV2,Sigma1),IF(RAND()<CondGood,_xlfn.LOGNORM.INV(RAND(),MV3,Sigma2),MIN(MaxMultiple,Xm/(1-RAND())^(1/Alpha))))) -> 0.95642555 | X9: =IF(RAND()<P_Zero,0,IF(RAND()<CondReturn,_xlfn.LOGNORM.INV(RAND(),MV2,Sigma1),IF(RAND()<CondGood,_xlfn.LOGNORM.INV(RAND(),MV3,Sigma2),MIN(MaxMultiple,Xm/(1-RAND())^(1/Alpha))))) -> 0.85474686 | Y9: =IF(RAND()<P_Zero,0,IF(RAND()<CondReturn,_xlfn.LOGNORM.INV(RAND(),MV2,Sigma1),IF(RAND()<CondGood,_xlfn.LOGNORM.INV(RAND(),MV3,Sigma2),MIN(MaxMultiple,Xm/(1-RAND())^(1/Alpha))))) -> 23.047494 | Z9: =IF(RAND()<P_Zero,0,IF(RAND()<CondReturn,_xlfn.LOGNORM.INV(RAND(),MV2,Sigma1),IF(RAND()<CondGood,_xlfn.LOGNORM.INV(RAND(),MV3,Sigma2),MIN(MaxMultiple,Xm/(1-RAND())^(1/Alpha))))) -> 0.48380287 | AA9: =IF(RAND()<P_Zero,0,IF(RAND()<CondReturn,_xlfn.LOGNORM.INV(RAND(),MV2,Sigma1),IF(RAND()<CondGood,_xlfn.LOGNORM.INV(RAND(),MV3,Sigma2),MIN(MaxMultiple,Xm/(1-RAND())^(1/Alpha))))) -> 0 | AB9: =AVERAGE(C9:AA9) -> 1.6329645 | AC9: =AB9*InvestableCapital -> 78382294 | AD9: =AC9-InvestableCapital -> 30382294 | AE9: =HurdleToggle*InvestableCapital*((1+HurdleRate)^FeeYears-1) -> 55628400 | AF9: =MAX(0,AD9-AE9) -> 0 | AG9: =CarryRate*AF9 -> 0 | AH9: =AC9-AG9 -> 78382294 | AI9: =AH9/FundSize -> 1.3063716
B10: 5 | C10: =IF(RAND()<P_Zero,0,IF(RAND()<CondReturn,_xlfn.LOGNORM.INV(RAND(),MV2,Sigma1),IF(RAND()<CondGood,_xlfn.LOGNORM.INV(RAND(),MV3,Sigma2),MIN(MaxMultiple,Xm/(1-RAND())^(1/Alpha))))) -> 3.5600795 | D10: =IF(RAND()<P_Zero,0,IF(RAND()<CondReturn,_xlfn.LOGNORM.INV(RAND(),MV2,Sigma1),IF(RAND()<CondGood,_xlfn.LOGNORM.INV(RAND(),MV3,Sigma2),MIN(MaxMultiple,Xm/(1-RAND())^(1/Alpha))))) -> 0.55702074 | E10: =IF(RAND()<P_Zero,0,IF(RAND()<CondReturn,_xlfn.LOGNORM.INV(RAND(),MV2,Sigma1),IF(RAND()<CondGood,_xlfn.LOGNORM.INV(RAND(),MV3,Sigma2),MIN(MaxMultiple,Xm/(1-RAND())^(1/Alpha))))) -> 11.565695 | F10: =IF(RAND()<P_Zero,0,IF(RAND()<CondReturn,_xlfn.LOGNORM.INV(RAND(),MV2,Sigma1),IF(RAND()<CondGood,_xlfn.LOGNORM.INV(RAND(),MV3,Sigma2),MIN(MaxMultiple,Xm/(1-RAND())^(1/Alpha))))) -> 0 | G10: =IF(RAND()<P_Zero,0,IF(RAND()<CondReturn,_xlfn.LOGNORM.INV(RAND(),MV2,Sigma1),IF(RAND()<CondGood,_xlfn.LOGNORM.INV(RAND(),MV3,Sigma2),MIN(MaxMultiple,Xm/(1-RAND())^(1/Alpha))))) -> 0 | H10: =IF(RAND()<P_Zero,0,IF(RAND()<CondReturn,_xlfn.LOGNORM.INV(RAND(),MV2,Sigma1),IF(RAND()<CondGood,_xlfn.LOGNORM.INV(RAND(),MV3,Sigma2),MIN(MaxMultiple,Xm/(1-RAND())^(1/Alpha))))) -> 0.60003556 | I10: =IF(RAND()<P_Zero,0,IF(RAND()<CondReturn,_xlfn.LOGNORM.INV(RAND(),MV2,Sigma1),IF(RAND()<CondGood,_xlfn.LOGNORM.INV(RAND(),MV3,Sigma2),MIN(MaxMultiple,Xm/(1-RAND())^(1/Alpha))))) -> 11.470691 | J10: =IF(RAND()<P_Zero,0,IF(RAND()<CondReturn,_xlfn.LOGNORM.INV(RAND(),MV2,Sigma1),IF(RAND()<CondGood,_xlfn.LOGNORM.INV(RAND(),MV3,Sigma2),MIN(MaxMultiple,Xm/(1-RAND())^(1/Alpha))))) -> 0 | K10: =IF(RAND()<P_Zero,0,IF(RAND()<CondReturn,_xlfn.LOGNORM.INV(RAND(),MV2,Sigma1),IF(RAND()<CondGood,_xlfn.LOGNORM.INV(RAND(),MV3,Sigma2),MIN(MaxMultiple,Xm/(1-RAND())^(1/Alpha))))) -> 0 | L10: =IF(RAND()<P_Zero,0,IF(RAND()<CondReturn,_xlfn.LOGNORM.INV(RAND(),MV2,Sigma1),IF(RAND()<CondGood,_xlfn.LOGNORM.INV(RAND(),MV3,Sigma2),MIN(MaxMultiple,Xm/(1-RAND())^(1/Alpha))))) -> 0 | M10: =IF(RAND()<P_Zero,0,IF(RAND()<CondReturn,_xlfn.LOGNORM.INV(RAND(),MV2,Sigma1),IF(RAND()<CondGood,_xlfn.LOGNORM.INV(RAND(),MV3,Sigma2),MIN(MaxMultiple,Xm/(1-RAND())^(1/Alpha))))) -> 0 | N10: =IF(RAND()<P_Zero,0,IF(RAND()<CondReturn,_xlfn.LOGNORM.INV(RAND(),MV2,Sigma1),IF(RAND()<CondGood,_xlfn.LOGNORM.INV(RAND(),MV3,Sigma2),MIN(MaxMultiple,Xm/(1-RAND())^(1/Alpha))))) -> 0.95881777 | O10: =IF(RAND()<P_Zero,0,IF(RAND()<CondReturn,_xlfn.LOGNORM.INV(RAND(),MV2,Sigma1),IF(RAND()<CondGood,_xlfn.LOGNORM.INV(RAND(),MV3,Sigma2),MIN(MaxMultiple,Xm/(1-RAND())^(1/Alpha))))) -> 0 | P10: =IF(RAND()<P_Zero,0,IF(RAND()<CondReturn,_xlfn.LOGNORM.INV(RAND(),MV2,Sigma1),IF(RAND()<CondGood,_xlfn.LOGNORM.INV(RAND(),MV3,Sigma2),MIN(MaxMultiple,Xm/(1-RAND())^(1/Alpha))))) -> 0 | Q10: =IF(RAND()<P_Zero,0,IF(RAND()<CondReturn,_xlfn.LOGNORM.INV(RAND(),MV2,Sigma1),IF(RAND()<CondGood,_xlfn.LOGNORM.INV(RAND(),MV3,Sigma2),MIN(MaxMultiple,Xm/(1-RAND())^(1/Alpha))))) -> 0.51871465 | R10: =IF(RAND()<P_Zero,0,IF(RAND()<CondReturn,_xlfn.LOGNORM.INV(RAND(),MV2,Sigma1),IF(RAND()<CondGood,_xlfn.LOGNORM.INV(RAND(),MV3,Sigma2),MIN(MaxMultiple,Xm/(1-RAND())^(1/Alpha))))) -> 1.5704738 | S10: =IF(RAND()<P_Zero,0,IF(RAND()<CondReturn,_xlfn.LOGNORM.INV(RAND(),MV2,Sigma1),IF(RAND()<CondGood,_xlfn.LOGNORM.INV(RAND(),MV3,Sigma2),MIN(MaxMultiple,Xm/(1-RAND())^(1/Alpha))))) -> 1.2391077 | T10: =IF(RAND()<P_Zero,0,IF(RAND()<CondReturn,_xlfn.LOGNORM.INV(RAND(),MV2,Sigma1),IF(RAND()<CondGood,_xlfn.LOGNORM.INV(RAND(),MV3,Sigma2),MIN(MaxMultiple,Xm/(1-RAND())^(1/Alpha))))) -> 0.55627548 | U10: =IF(RAND()<P_Zero,0,IF(RAND()<CondReturn,_xlfn.LOGNORM.INV(RAND(),MV2,Sigma1),IF(RAND()<CondGood,_xlfn.LOGNORM.INV(RAND(),MV3,Sigma2),MIN(MaxMultiple,Xm/(1-RAND())^(1/Alpha))))) -> 0 | V10: =IF(RAND()<P_Zero,0,IF(RAND()<CondReturn,_xlfn.LOGNORM.INV(RAND(),MV2,Sigma1),IF(RAND()<CondGood,_xlfn.LOGNORM.INV(RAND(),MV3,Sigma2),MIN(MaxMultiple,Xm/(1-RAND())^(1/Alpha))))) -> 0 | W10: =IF(RAND()<P_Zero,0,IF(RAND()<CondReturn,_xlfn.LOGNORM.INV(RAND(),MV2,Sigma1),IF(RAND()<CondGood,_xlfn.LOGNORM.INV(RAND(),MV3,Sigma2),MIN(MaxMultiple,Xm/(1-RAND())^(1/Alpha))))) -> 1.2842095 | X10: =IF(RAND()<P_Zero,0,IF(RAND()<CondReturn,_xlfn.LOGNORM.INV(RAND(),MV2,Sigma1),IF(RAND()<CondGood,_xlfn.LOGNORM.INV(RAND(),MV3,Sigma2),MIN(MaxMultiple,Xm/(1-RAND())^(1/Alpha))))) -> 0 | Y10: =IF(RAND()<P_Zero,0,IF(RAND()<CondReturn,_xlfn.LOGNORM.INV(RAND(),MV2,Sigma1),IF(RAND()<CondGood,_xlfn.LOGNORM.INV(RAND(),MV3,Sigma2),MIN(MaxMultiple,Xm/(1-RAND())^(1/Alpha))))) -> 11.41649 | Z10: =IF(RAND()<P_Zero,0,IF(RAND()<CondReturn,_xlfn.LOGNORM.INV(RAND(),MV2,Sigma1),IF(RAND()<CondGood,_xlfn.LOGNORM.INV(RAND(),MV3,Sigma2),MIN(MaxMultiple,Xm/(1-RAND())^(1/Alpha))))) -> 0 | AA10: =IF(RAND()<P_Zero,0,IF(RAND()<CondReturn,_xlfn.LOGNORM.INV(RAND(),MV2,Sigma1),IF(RAND()<CondGood,_xlfn.LOGNORM.INV(RAND(),MV3,Sigma2),MIN(MaxMultiple,Xm/(1-RAND())^(1/Alpha))))) -> 0.95191466 | AB10: =AVERAGE(C10:AA10) -> 1.849981 | AC10: =AB10*InvestableCapital -> 88799090 | AD10: =AC10-InvestableCapital -> 40799090 | AE10: =HurdleToggle*InvestableCapital*((1+HurdleRate)^FeeYears-1) -> 55628400 | AF10: =MAX(0,AD10-AE10) -> 0 | AG10: =CarryRate*AF10 -> 0 | AH10: =AC10-AG10 -> 88799090 | AI10: =AH10/FundSize -> 1.4799848
B11: 6 | C11: =IF(RAND()<P_Zero,0,IF(RAND()<CondReturn,_xlfn.LOGNORM.INV(RAND(),MV2,Sigma1),IF(RAND()<CondGood,_xlfn.LOGNORM.INV(RAND(),MV3,Sigma2),MIN(MaxMultiple,Xm/(1-RAND())^(1/Alpha))))) -> 0 | D11: =IF(RAND()<P_Zero,0,IF(RAND()<CondReturn,_xlfn.LOGNORM.INV(RAND(),MV2,Sigma1),IF(RAND()<CondGood,_xlfn.LOGNORM.INV(RAND(),MV3,Sigma2),MIN(MaxMultiple,Xm/(1-RAND())^(1/Alpha))))) -> 1.0417888 | E11: =IF(RAND()<P_Zero,0,IF(RAND()<CondReturn,_xlfn.LOGNORM.INV(RAND(),MV2,Sigma1),IF(RAND()<CondGood,_xlfn.LOGNORM.INV(RAND(),MV3,Sigma2),MIN(MaxMultiple,Xm/(1-RAND())^(1/Alpha))))) -> 3.0326514 | F11: =IF(RAND()<P_Zero,0,IF(RAND()<CondReturn,_xlfn.LOGNORM.INV(RAND(),MV2,Sigma1),IF(RAND()<CondGood,_xlfn.LOGNORM.INV(RAND(),MV3,Sigma2),MIN(MaxMultiple,Xm/(1-RAND())^(1/Alpha))))) -> 0.46576833 | G11: =IF(RAND()<P_Zero,0,IF(RAND()<CondReturn,_xlfn.LOGNORM.INV(RAND(),MV2,Sigma1),IF(RAND()<CondGood,_xlfn.LOGNORM.INV(RAND(),MV3,Sigma2),MIN(MaxMultiple,Xm/(1-RAND())^(1/Alpha))))) -> 1.2253228 | H11: =IF(RAND()<P_Zero,0,IF(RAND()<CondReturn,_xlfn.LOGNORM.INV(RAND(),MV2,Sigma1),IF(RAND()<CondGood,_xlfn.LOGNORM.INV(RAND(),MV3,Sigma2),MIN(MaxMultiple,Xm/(1-RAND())^(1/Alpha))))) -> 0 | I11: =IF(RAND()<P_Zero,0,IF(RAND()<CondReturn,_xlfn.LOGNORM.INV(RAND(),MV2,Sigma1),IF(RAND()<CondGood,_xlfn.LOGNORM.INV(RAND(),MV3,Sigma2),MIN(MaxMultiple,Xm/(1-RAND())^(1/Alpha))))) -> 0.64431358 | J11: =IF(RAND()<P_Zero,0,IF(RAND()<CondReturn,_xlfn.LOGNORM.INV(RAND(),MV2,Sigma1),IF(RAND()<CondGood,_xlfn.LOGNORM.INV(RAND(),MV3,Sigma2),MIN(MaxMultiple,Xm/(1-RAND())^(1/Alpha))))) -> 0 | K11: =IF(RAND()<P_Zero,0,IF(RAND()<CondReturn,_xlfn.LOGNORM.INV(RAND(),MV2,Sigma1),IF(RAND()<CondGood,_xlfn.LOGNORM.INV(RAND(),MV3,Sigma2),MIN(MaxMultiple,Xm/(1-RAND())^(1/Alpha))))) -> 0 | L11: =IF(RAND()<P_Zero,0,IF(RAND()<CondReturn,_xlfn.LOGNORM.INV(RAND(),MV2,Sigma1),IF(RAND()<CondGood,_xlfn.LOGNORM.INV(RAND(),MV3,Sigma2),MIN(MaxMultiple,Xm/(1-RAND())^(1/Alpha))))) -> 0 | M11: =IF(RAND()<P_Zero,0,IF(RAND()<CondReturn,_xlfn.LOGNORM.INV(RAND(),MV2,Sigma1),IF(RAND()<CondGood,_xlfn.LOGNORM.INV(RAND(),MV3,Sigma2),MIN(MaxMultiple,Xm/(1-RAND())^(1/Alpha))))) -> 0 | N11: =IF(RAND()<P_Zero,0,IF(RAND()<CondReturn,_xlfn.LOGNORM.INV(RAND(),MV2,Sigma1),IF(RAND()<CondGood,_xlfn.LOGNORM.INV(RAND(),MV3,Sigma2),MIN(MaxMultiple,Xm/(1-RAND())^(1/Alpha))))) -> 1.0981271 | O11: =IF(RAND()<P_Zero,0,IF(RAND()<CondReturn,_xlfn.LOGNORM.INV(RAND(),MV2,Sigma1),IF(RAND()<CondGood,_xlfn.LOGNORM.INV(RAND(),MV3,Sigma2),MIN(MaxMultiple,Xm/(1-RAND())^(1/Alpha))))) -> 0 | P11: =IF(RAND()<P_Zero,0,IF(RAND()<CondReturn,_xlfn.LOGNORM.INV(RAND(),MV2,Sigma1),IF(RAND()<CondGood,_xlfn.LOGNORM.INV(RAND(),MV3,Sigma2),MIN(MaxMultiple,Xm/(1-RAND())^(1/Alpha))))) -> 0.56097269 | Q11: =IF(RAND()<P_Zero,0,IF(RAND()<CondReturn,_xlfn.LOGNORM.INV(RAND(),MV2,Sigma1),IF(RAND()<CondGood,_xlfn.LOGNORM.INV(RAND(),MV3,Sigma2),MIN(MaxMultiple,Xm/(1-RAND())^(1/Alpha))))) -> 1.4301478 | R11: =IF(RAND()<P_Zero,0,IF(RAND()<CondReturn,_xlfn.LOGNORM.INV(RAND(),MV2,Sigma1),IF(RAND()<CondGood,_xlfn.LOGNORM.INV(RAND(),MV3,Sigma2),MIN(MaxMultiple,Xm/(1-RAND())^(1/Alpha))))) -> 0 | S11: =IF(RAND()<P_Zero,0,IF(RAND()<CondReturn,_xlfn.LOGNORM.INV(RAND(),MV2,Sigma1),IF(RAND()<CondGood,_xlfn.LOGNORM.INV(RAND(),MV3,Sigma2),MIN(MaxMultiple,Xm/(1-RAND())^(1/Alpha))))) -> 10.302981 | T11: =IF(RAND()<P_Zero,0,IF(RAND()<CondReturn,_xlfn.LOGNORM.INV(RAND(),MV2,Sigma1),IF(RAND()<CondGood,_xlfn.LOGNORM.INV(RAND(),MV3,Sigma2),MIN(MaxMultiple,Xm/(1-RAND())^(1/Alpha))))) -> 25.373767 | U11: =IF(RAND()<P_Zero,0,IF(RAND()<CondReturn,_xlfn.LOGNORM.INV(RAND(),MV2,Sigma1),IF(RAND()<CondGood,_xlfn.LOGNORM.INV(RAND(),MV3,Sigma2),MIN(MaxMultiple,Xm/(1-RAND())^(1/Alpha))))) -> 0 | V11: =IF(RAND()<P_Zero,0,IF(RAND()<CondReturn,_xlfn.LOGNORM.INV(RAND(),MV2,Sigma1),IF(RAND()<CondGood,_xlfn.LOGNORM.INV(RAND(),MV3,Sigma2),MIN(MaxMultiple,Xm/(1-RAND())^(1/Alpha))))) -> 54.126397 | W11: =IF(RAND()<P_Zero,0,IF(RAND()<CondReturn,_xlfn.LOGNORM.INV(RAND(),MV2,Sigma1),IF(RAND()<CondGood,_xlfn.LOGNORM.INV(RAND(),MV3,Sigma2),MIN(MaxMultiple,Xm/(1-RAND())^(1/Alpha))))) -> 17.553742 | X11: =IF(RAND()<P_Zero,0,IF(RAND()<CondReturn,_xlfn.LOGNORM.INV(RAND(),MV2,Sigma1),IF(RAND()<CondGood,_xlfn.LOGNORM.INV(RAND(),MV3,Sigma2),MIN(MaxMultiple,Xm/(1-RAND())^(1/Alpha))))) -> 1.2336726 | Y11: =IF(RAND()<P_Zero,0,IF(RAND()<CondReturn,_xlfn.LOGNORM.INV(RAND(),MV2,Sigma1),IF(RAND()<CondGood,_xlfn.LOGNORM.INV(RAND(),MV3,Sigma2),MIN(MaxMultiple,Xm/(1-RAND())^(1/Alpha))))) -> 17.273219 | Z11: =IF(RAND()<P_Zero,0,IF(RAND()<CondReturn,_xlfn.LOGNORM.INV(RAND(),MV2,Sigma1),IF(RAND()<CondGood,_xlfn.LOGNORM.INV(RAND(),MV3,Sigma2),MIN(MaxMultiple,Xm/(1-RAND())^(1/Alpha))))) -> 0 | AA11: =IF(RAND()<P_Zero,0,IF(RAND()<CondReturn,_xlfn.LOGNORM.INV(RAND(),MV2,Sigma1),IF(RAND()<CondGood,_xlfn.LOGNORM.INV(RAND(),MV3,Sigma2),MIN(MaxMultiple,Xm/(1-RAND())^(1/Alpha))))) -> 0.95436286 | AB11: =AVERAGE(C11:AA11) -> 5.4526893 | AC11: =AB11*InvestableCapital -> 2.6172909e+08 | AD11: =AC11-InvestableCapital -> 2.1372909e+08 | AE11: =HurdleToggle*InvestableCapital*((1+HurdleRate)^FeeYears-1) -> 55628400 | AF11: =MAX(0,AD11-AE11) -> 1.5810069e+08 | AG11: =CarryRate*AF11 -> 31620138 | AH11: =AC11-AG11 -> 2.3010895e+08 | AI11: =AH11/FundSize -> 3.8351492
B12: 7 | C12: =IF(RAND()<P_Zero,0,IF(RAND()<CondReturn,_xlfn.LOGNORM.INV(RAND(),MV2,Sigma1),IF(RAND()<CondGood,_xlfn.LOGNORM.INV(RAND(),MV3,Sigma2),MIN(MaxMultiple,Xm/(1-RAND())^(1/Alpha))))) -> 1.3032065 | D12: =IF(RAND()<P_Zero,0,IF(RAND()<CondReturn,_xlfn.LOGNORM.INV(RAND(),MV2,Sigma1),IF(RAND()<CondGood,_xlfn.LOGNORM.INV(RAND(),MV3,Sigma2),MIN(MaxMultiple,Xm/(1-RAND())^(1/Alpha))))) -> 0 | E12: =IF(RAND()<P_Zero,0,IF(RAND()<CondReturn,_xlfn.LOGNORM.INV(RAND(),MV2,Sigma1),IF(RAND()<CondGood,_xlfn.LOGNORM.INV(RAND(),MV3,Sigma2),MIN(MaxMultiple,Xm/(1-RAND())^(1/Alpha))))) -> 0 | F12: =IF(RAND()<P_Zero,0,IF(RAND()<CondReturn,_xlfn.LOGNORM.INV(RAND(),MV2,Sigma1),IF(RAND()<CondGood,_xlfn.LOGNORM.INV(RAND(),MV3,Sigma2),MIN(MaxMultiple,Xm/(1-RAND())^(1/Alpha))))) -> 1.4693885 | G12: =IF(RAND()<P_Zero,0,IF(RAND()<CondReturn,_xlfn.LOGNORM.INV(RAND(),MV2,Sigma1),IF(RAND()<CondGood,_xlfn.LOGNORM.INV(RAND(),MV3,Sigma2),MIN(MaxMultiple,Xm/(1-RAND())^(1/Alpha))))) -> 0 | H12: =IF(RAND()<P_Zero,0,IF(RAND()<CondReturn,_xlfn.LOGNORM.INV(RAND(),MV2,Sigma1),IF(RAND()<CondGood,_xlfn.LOGNORM.INV(RAND(),MV3,Sigma2),MIN(MaxMultiple,Xm/(1-RAND())^(1/Alpha))))) -> 0 | I12: =IF(RAND()<P_Zero,0,IF(RAND()<CondReturn,_xlfn.LOGNORM.INV(RAND(),MV2,Sigma1),IF(RAND()<CondGood,_xlfn.LOGNORM.INV(RAND(),MV3,Sigma2),MIN(MaxMultiple,Xm/(1-RAND())^(1/Alpha))))) -> 0 | J12: =IF(RAND()<P_Zero,0,IF(RAND()<CondReturn,_xlfn.LOGNORM.INV(RAND(),MV2,Sigma1),IF(RAND()<CondGood,_xlfn.LOGNORM.INV(RAND(),MV3,Sigma2),MIN(MaxMultiple,Xm/(1-RAND())^(1/Alpha))))) -> 0 | K12: =IF(RAND()<P_Zero,0,IF(RAND()<CondReturn,_xlfn.LOGNORM.INV(RAND(),MV2,Sigma1),IF(RAND()<CondGood,_xlfn.LOGNORM.INV(RAND(),MV3,Sigma2),MIN(MaxMultiple,Xm/(1-RAND())^(1/Alpha))))) -> 1.1103981 | L12: =IF(RAND()<P_Zero,0,IF(RAND()<CondReturn,_xlfn.LOGNORM.INV(RAND(),MV2,Sigma1),IF(RAND()<CondGood,_xlfn.LOGNORM.INV(RAND(),MV3,Sigma2),MIN(MaxMultiple,Xm/(1-RAND())^(1/Alpha))))) -> 0.51516316 | M12: =IF(RAND()<P_Zero,0,IF(RAND()<CondReturn,_xlfn.LOGNORM.INV(RAND(),MV2,Sigma1),IF(RAND()<CondGood,_xlfn.LOGNORM.INV(RAND(),MV3,Sigma2),MIN(MaxMultiple,Xm/(1-RAND())^(1/Alpha))))) -> 1.7859228 | N12: =IF(RAND()<P_Zero,0,IF(RAND()<CondReturn,_xlfn.LOGNORM.INV(RAND(),MV2,Sigma1),IF(RAND()<CondGood,_xlfn.LOGNORM.INV(RAND(),MV3,Sigma2),MIN(MaxMultiple,Xm/(1-RAND())^(1/Alpha))))) -> 0 | O12: =IF(RAND()<P_Zero,0,IF(RAND()<CondReturn,_xlfn.LOGNORM.INV(RAND(),MV2,Sigma1),IF(RAND()<CondGood,_xlfn.LOGNORM.INV(RAND(),MV3,Sigma2),MIN(MaxMultiple,Xm/(1-RAND())^(1/Alpha))))) -> 0.60785724 | P12: =IF(RAND()<P_Zero,0,IF(RAND()<CondReturn,_xlfn.LOGNORM.INV(RAND(),MV2,Sigma1),IF(RAND()<CondGood,_xlfn.LOGNORM.INV(RAND(),MV3,Sigma2),MIN(MaxMultiple,Xm/(1-RAND())^(1/Alpha))))) -> 1.7921005 | Q12: =IF(RAND()<P_Zero,0,IF(RAND()<CondReturn,_xlfn.LOGNORM.INV(RAND(),MV2,Sigma1),IF(RAND()<CondGood,_xlfn.LOGNORM.INV(RAND(),MV3,Sigma2),MIN(MaxMultiple,Xm/(1-RAND())^(1/Alpha))))) -> 1.7345568 | R12: =IF(RAND()<P_Zero,0,IF(RAND()<CondReturn,_xlfn.LOGNORM.INV(RAND(),MV2,Sigma1),IF(RAND()<CondGood,_xlfn.LOGNORM.INV(RAND(),MV3,Sigma2),MIN(MaxMultiple,Xm/(1-RAND())^(1/Alpha))))) -> 1.0661423 | S12: =IF(RAND()<P_Zero,0,IF(RAND()<CondReturn,_xlfn.LOGNORM.INV(RAND(),MV2,Sigma1),IF(RAND()<CondGood,_xlfn.LOGNORM.INV(RAND(),MV3,Sigma2),MIN(MaxMultiple,Xm/(1-RAND())^(1/Alpha))))) -> 0 | T12: =IF(RAND()<P_Zero,0,IF(RAND()<CondReturn,_xlfn.LOGNORM.INV(RAND(),MV2,Sigma1),IF(RAND()<CondGood,_xlfn.LOGNORM.INV(RAND(),MV3,Sigma2),MIN(MaxMultiple,Xm/(1-RAND())^(1/Alpha))))) -> 0.92871864 | U12: =IF(RAND()<P_Zero,0,IF(RAND()<CondReturn,_xlfn.LOGNORM.INV(RAND(),MV2,Sigma1),IF(RAND()<CondGood,_xlfn.LOGNORM.INV(RAND(),MV3,Sigma2),MIN(MaxMultiple,Xm/(1-RAND())^(1/Alpha))))) -> 0 | V12: =IF(RAND()<P_Zero,0,IF(RAND()<CondReturn,_xlfn.LOGNORM.INV(RAND(),MV2,Sigma1),IF(RAND()<CondGood,_xlfn.LOGNORM.INV(RAND(),MV3,Sigma2),MIN(MaxMultiple,Xm/(1-RAND())^(1/Alpha))))) -> 1.5588884 | W12: =IF(RAND()<P_Zero,0,IF(RAND()<CondReturn,_xlfn.LOGNORM.INV(RAND(),MV2,Sigma1),IF(RAND()<CondGood,_xlfn.LOGNORM.INV(RAND(),MV3,Sigma2),MIN(MaxMultiple,Xm/(1-RAND())^(1/Alpha))))) -> 0 | X12: =IF(RAND()<P_Zero,0,IF(RAND()<CondReturn,_xlfn.LOGNORM.INV(RAND(),MV2,Sigma1),IF(RAND()<CondGood,_xlfn.LOGNORM.INV(RAND(),MV3,Sigma2),MIN(MaxMultiple,Xm/(1-RAND())^(1/Alpha))))) -> 0 | Y12: =IF(RAND()<P_Zero,0,IF(RAND()<CondReturn,_xlfn.LOGNORM.INV(RAND(),MV2,Sigma1),IF(RAND()<CondGood,_xlfn.LOGNORM.INV(RAND(),MV3,Sigma2),MIN(MaxMultiple,Xm/(1-RAND())^(1/Alpha))))) -> 1.2819161 | Z12: =IF(RAND()<P_Zero,0,IF(RAND()<CondReturn,_xlfn.LOGNORM.INV(RAND(),MV2,Sigma1),IF(RAND()<CondGood,_xlfn.LOGNORM.INV(RAND(),MV3,Sigma2),MIN(MaxMultiple,Xm/(1-RAND())^(1/Alpha))))) -> 1.8105765 | AA12: =IF(RAND()<P_Zero,0,IF(RAND()<CondReturn,_xlfn.LOGNORM.INV(RAND(),MV2,Sigma1),IF(RAND()<CondGood,_xlfn.LOGNORM.INV(RAND(),MV3,Sigma2),MIN(MaxMultiple,Xm/(1-RAND())^(1/Alpha))))) -> 0 | AB12: =AVERAGE(C12:AA12) -> 0.67859342 | AC12: =AB12*InvestableCapital -> 32572484 | AD12: =AC12-InvestableCapital -> -15427516 | AE12: =HurdleToggle*InvestableCapital*((1+HurdleRate)^FeeYears-1) -> 55628400 | AF12: =MAX(0,AD12-AE12) -> 0 | AG12: =CarryRate*AF12 -> 0 | AH12: =AC12-AG12 -> 32572484 | AI12: =AH12/FundSize -> 0.54287474
B13: 8 | C13: =IF(RAND()<P_Zero,0,IF(RAND()<CondReturn,_xlfn.LOGNORM.INV(RAND(),MV2,Sigma1),IF(RAND()<CondGood,_xlfn.LOGNORM.INV(RAND(),MV3,Sigma2),MIN(MaxMultiple,Xm/(1-RAND())^(1/Alpha))))) -> 0 | D13: =IF(RAND()<P_Zero,0,IF(RAND()<CondReturn,_xlfn.LOGNORM.INV(RAND(),MV2,Sigma1),IF(RAND()<CondGood,_xlfn.LOGNORM.INV(RAND(),MV3,Sigma2),MIN(MaxMultiple,Xm/(1-RAND())^(1/Alpha))))) -> 14.035549 | E13: =IF(RAND()<P_Zero,0,IF(RAND()<CondReturn,_xlfn.LOGNORM.INV(RAND(),MV2,Sigma1),IF(RAND()<CondGood,_xlfn.LOGNORM.INV(RAND(),MV3,Sigma2),MIN(MaxMultiple,Xm/(1-RAND())^(1/Alpha))))) -> 0 | F13: =IF(RAND()<P_Zero,0,IF(RAND()<CondReturn,_xlfn.LOGNORM.INV(RAND(),MV2,Sigma1),IF(RAND()<CondGood,_xlfn.LOGNORM.INV(RAND(),MV3,Sigma2),MIN(MaxMultiple,Xm/(1-RAND())^(1/Alpha))))) -> 0 | G13: =IF(RAND()<P_Zero,0,IF(RAND()<CondReturn,_xlfn.LOGNORM.INV(RAND(),MV2,Sigma1),IF(RAND()<CondGood,_xlfn.LOGNORM.INV(RAND(),MV3,Sigma2),MIN(MaxMultiple,Xm/(1-RAND())^(1/Alpha))))) -> 0 | H13: =IF(RAND()<P_Zero,0,IF(RAND()<CondReturn,_xlfn.LOGNORM.INV(RAND(),MV2,Sigma1),IF(RAND()<CondGood,_xlfn.LOGNORM.INV(RAND(),MV3,Sigma2),MIN(MaxMultiple,Xm/(1-RAND())^(1/Alpha))))) -> 0.87525403 | I13: =IF(RAND()<P_Zero,0,IF(RAND()<CondReturn,_xlfn.LOGNORM.INV(RAND(),MV2,Sigma1),IF(RAND()<CondGood,_xlfn.LOGNORM.INV(RAND(),MV3,Sigma2),MIN(MaxMultiple,Xm/(1-RAND())^(1/Alpha))))) -> 1.4672277 | J13: =IF(RAND()<P_Zero,0,IF(RAND()<CondReturn,_xlfn.LOGNORM.INV(RAND(),MV2,Sigma1),IF(RAND()<CondGood,_xlfn.LOGNORM.INV(RAND(),MV3,Sigma2),MIN(MaxMultiple,Xm/(1-RAND())^(1/Alpha))))) -> 0.50036428 | K13: =IF(RAND()<P_Zero,0,IF(RAND()<CondReturn,_xlfn.LOGNORM.INV(RAND(),MV2,Sigma1),IF(RAND()<CondGood,_xlfn.LOGNORM.INV(RAND(),MV3,Sigma2),MIN(MaxMultiple,Xm/(1-RAND())^(1/Alpha))))) -> 0 | L13: =IF(RAND()<P_Zero,0,IF(RAND()<CondReturn,_xlfn.LOGNORM.INV(RAND(),MV2,Sigma1),IF(RAND()<CondGood,_xlfn.LOGNORM.INV(RAND(),MV3,Sigma2),MIN(MaxMultiple,Xm/(1-RAND())^(1/Alpha))))) -> 0 | M13: =IF(RAND()<P_Zero,0,IF(RAND()<CondReturn,_xlfn.LOGNORM.INV(RAND(),MV2,Sigma1),IF(RAND()<CondGood,_xlfn.LOGNORM.INV(RAND(),MV3,Sigma2),MIN(MaxMultiple,Xm/(1-RAND())^(1/Alpha))))) -> 0.73400219 | N13: =IF(RAND()<P_Zero,0,IF(RAND()<CondReturn,_xlfn.LOGNORM.INV(RAND(),MV2,Sigma1),IF(RAND()<CondGood,_xlfn.LOGNORM.INV(RAND(),MV3,Sigma2),MIN(MaxMultiple,Xm/(1-RAND())^(1/Alpha))))) -> 0 | O13: =IF(RAND()<P_Zero,0,IF(RAND()<CondReturn,_xlfn.LOGNORM.INV(RAND(),MV2,Sigma1),IF(RAND()<CondGood,_xlfn.LOGNORM.INV(RAND(),MV3,Sigma2),MIN(MaxMultiple,Xm/(1-RAND())^(1/Alpha))))) -> 0.65364041 | P13: =IF(RAND()<P_Zero,0,IF(RAND()<CondReturn,_xlfn.LOGNORM.INV(RAND(),MV2,Sigma1),IF(RAND()<CondGood,_xlfn.LOGNORM.INV(RAND(),MV3,Sigma2),MIN(MaxMultiple,Xm/(1-RAND())^(1/Alpha))))) -> 0 | Q13: =IF(RAND()<P_Zero,0,IF(RAND()<CondReturn,_xlfn.LOGNORM.INV(RAND(),MV2,Sigma1),IF(RAND()<CondGood,_xlfn.LOGNORM.INV(RAND(),MV3,Sigma2),MIN(MaxMultiple,Xm/(1-RAND())^(1/Alpha))))) -> 1.2071441 | R13: =IF(RAND()<P_Zero,0,IF(RAND()<CondReturn,_xlfn.LOGNORM.INV(RAND(),MV2,Sigma1),IF(RAND()<CondGood,_xlfn.LOGNORM.INV(RAND(),MV3,Sigma2),MIN(MaxMultiple,Xm/(1-RAND())^(1/Alpha))))) -> 0.65483934 | S13: =IF(RAND()<P_Zero,0,IF(RAND()<CondReturn,_xlfn.LOGNORM.INV(RAND(),MV2,Sigma1),IF(RAND()<CondGood,_xlfn.LOGNORM.INV(RAND(),MV3,Sigma2),MIN(MaxMultiple,Xm/(1-RAND())^(1/Alpha))))) -> 1.601542 | T13: =IF(RAND()<P_Zero,0,IF(RAND()<CondReturn,_xlfn.LOGNORM.INV(RAND(),MV2,Sigma1),IF(RAND()<CondGood,_xlfn.LOGNORM.INV(RAND(),MV3,Sigma2),MIN(MaxMultiple,Xm/(1-RAND())^(1/Alpha))))) -> 0.41861195 | U13: =IF(RAND()<P_Zero,0,IF(RAND()<CondReturn,_xlfn.LOGNORM.INV(RAND(),MV2,Sigma1),IF(RAND()<CondGood,_xlfn.LOGNORM.INV(RAND(),MV3,Sigma2),MIN(MaxMultiple,Xm/(1-RAND())^(1/Alpha))))) -> 16.411533 | V13: =IF(RAND()<P_Zero,0,IF(RAND()<CondReturn,_xlfn.LOGNORM.INV(RAND(),MV2,Sigma1),IF(RAND()<CondGood,_xlfn.LOGNORM.INV(RAND(),MV3,Sigma2),MIN(MaxMultiple,Xm/(1-RAND())^(1/Alpha))))) -> 0 | W13: =IF(RAND()<P_Zero,0,IF(RAND()<CondReturn,_xlfn.LOGNORM.INV(RAND(),MV2,Sigma1),IF(RAND()<CondGood,_xlfn.LOGNORM.INV(RAND(),MV3,Sigma2),MIN(MaxMultiple,Xm/(1-RAND())^(1/Alpha))))) -> 1.019008 | X13: =IF(RAND()<P_Zero,0,IF(RAND()<CondReturn,_xlfn.LOGNORM.INV(RAND(),MV2,Sigma1),IF(RAND()<CondGood,_xlfn.LOGNORM.INV(RAND(),MV3,Sigma2),MIN(MaxMultiple,Xm/(1-RAND())^(1/Alpha))))) -> 0.90367902 | Y13: =IF(RAND()<P_Zero,0,IF(RAND()<CondReturn,_xlfn.LOGNORM.INV(RAND(),MV2,Sigma1),IF(RAND()<CondGood,_xlfn.LOGNORM.INV(RAND(),MV3,Sigma2),MIN(MaxMultiple,Xm/(1-RAND())^(1/Alpha))))) -> 0 | Z13: =IF(RAND()<P_Zero,0,IF(RAND()<CondReturn,_xlfn.LOGNORM.INV(RAND(),MV2,Sigma1),IF(RAND()<CondGood,_xlfn.LOGNORM.INV(RAND(),MV3,Sigma2),MIN(MaxMultiple,Xm/(1-RAND())^(1/Alpha))))) -> 0 | AA13: =IF(RAND()<P_Zero,0,IF(RAND()<CondReturn,_xlfn.LOGNORM.INV(RAND(),MV2,Sigma1),IF(RAND()<CondGood,_xlfn.LOGNORM.INV(RAND(),MV3,Sigma2),MIN(MaxMultiple,Xm/(1-RAND())^(1/Alpha))))) -> 1.7907861 | AB13: =AVERAGE(C13:AA13) -> 1.6909272 | AC13: =AB13*InvestableCapital -> 81164508 | AD13: =AC13-InvestableCapital -> 33164508 | AE13: =HurdleToggle*InvestableCapital*((1+HurdleRate)^FeeYears-1) -> 55628400 | AF13: =MAX(0,AD13-AE13) -> 0 | AG13: =CarryRate*AF13 -> 0 | AH13: =AC13-AG13 -> 81164508 | AI13: =AH13/FundSize -> 1.3527418
B14: 9 | C14: =IF(RAND()<P_Zero,0,IF(RAND()<CondReturn,_xlfn.LOGNORM.INV(RAND(),MV2,Sigma1),IF(RAND()<CondGood,_xlfn.LOGNORM.INV(RAND(),MV3,Sigma2),MIN(MaxMultiple,Xm/(1-RAND())^(1/Alpha))))) -> 1.277872 | D14: =IF(RAND()<P_Zero,0,IF(RAND()<CondReturn,_xlfn.LOGNORM.INV(RAND(),MV2,Sigma1),IF(RAND()<CondGood,_xlfn.LOGNORM.INV(RAND(),MV3,Sigma2),MIN(MaxMultiple,Xm/(1-RAND())^(1/Alpha))))) -> 0.69624491 | E14: =IF(RAND()<P_Zero,0,IF(RAND()<CondReturn,_xlfn.LOGNORM.INV(RAND(),MV2,Sigma1),IF(RAND()<CondGood,_xlfn.LOGNORM.INV(RAND(),MV3,Sigma2),MIN(MaxMultiple,Xm/(1-RAND())^(1/Alpha))))) -> 0.96862836 | F14: =IF(RAND()<P_Zero,0,IF(RAND()<CondReturn,_xlfn.LOGNORM.INV(RAND(),MV2,Sigma1),IF(RAND()<CondGood,_xlfn.LOGNORM.INV(RAND(),MV3,Sigma2),MIN(MaxMultiple,Xm/(1-RAND())^(1/Alpha))))) -> 10.177186 | G14: =IF(RAND()<P_Zero,0,IF(RAND()<CondReturn,_xlfn.LOGNORM.INV(RAND(),MV2,Sigma1),IF(RAND()<CondGood,_xlfn.LOGNORM.INV(RAND(),MV3,Sigma2),MIN(MaxMultiple,Xm/(1-RAND())^(1/Alpha))))) -> 0 | H14: =IF(RAND()<P_Zero,0,IF(RAND()<CondReturn,_xlfn.LOGNORM.INV(RAND(),MV2,Sigma1),IF(RAND()<CondGood,_xlfn.LOGNORM.INV(RAND(),MV3,Sigma2),MIN(MaxMultiple,Xm/(1-RAND())^(1/Alpha))))) -> 0 | I14: =IF(RAND()<P_Zero,0,IF(RAND()<CondReturn,_xlfn.LOGNORM.INV(RAND(),MV2,Sigma1),IF(RAND()<CondGood,_xlfn.LOGNORM.INV(RAND(),MV3,Sigma2),MIN(MaxMultiple,Xm/(1-RAND())^(1/Alpha))))) -> 38.933291 | J14: =IF(RAND()<P_Zero,0,IF(RAND()<CondReturn,_xlfn.LOGNORM.INV(RAND(),MV2,Sigma1),IF(RAND()<CondGood,_xlfn.LOGNORM.INV(RAND(),MV3,Sigma2),MIN(MaxMultiple,Xm/(1-RAND())^(1/Alpha))))) -> 0.56884683 | K14: =IF(RAND()<P_Zero,0,IF(RAND()<CondReturn,_xlfn.LOGNORM.INV(RAND(),MV2,Sigma1),IF(RAND()<CondGood,_xlfn.LOGNORM.INV(RAND(),MV3,Sigma2),MIN(MaxMultiple,Xm/(1-RAND())^(1/Alpha))))) -> 0 | L14: =IF(RAND()<P_Zero,0,IF(RAND()<CondReturn,_xlfn.LOGNORM.INV(RAND(),MV2,Sigma1),IF(RAND()<CondGood,_xlfn.LOGNORM.INV(RAND(),MV3,Sigma2),MIN(MaxMultiple,Xm/(1-RAND())^(1/Alpha))))) -> 0 | M14: =IF(RAND()<P_Zero,0,IF(RAND()<CondReturn,_xlfn.LOGNORM.INV(RAND(),MV2,Sigma1),IF(RAND()<CondGood,_xlfn.LOGNORM.INV(RAND(),MV3,Sigma2),MIN(MaxMultiple,Xm/(1-RAND())^(1/Alpha))))) -> 1.6070445 | N14: =IF(RAND()<P_Zero,0,IF(RAND()<CondReturn,_xlfn.LOGNORM.INV(RAND(),MV2,Sigma1),IF(RAND()<CondGood,_xlfn.LOGNORM.INV(RAND(),MV3,Sigma2),MIN(MaxMultiple,Xm/(1-RAND())^(1/Alpha))))) -> 31.880572 | O14: =IF(RAND()<P_Zero,0,IF(RAND()<CondReturn,_xlfn.LOGNORM.INV(RAND(),MV2,Sigma1),IF(RAND()<CondGood,_xlfn.LOGNORM.INV(RAND(),MV3,Sigma2),MIN(MaxMultiple,Xm/(1-RAND())^(1/Alpha))))) -> 0 | P14: =IF(RAND()<P_Zero,0,IF(RAND()<CondReturn,_xlfn.LOGNORM.INV(RAND(),MV2,Sigma1),IF(RAND()<CondGood,_xlfn.LOGNORM.INV(RAND(),MV3,Sigma2),MIN(MaxMultiple,Xm/(1-RAND())^(1/Alpha))))) -> 1.0299018 | Q14: =IF(RAND()<P_Zero,0,IF(RAND()<CondReturn,_xlfn.LOGNORM.INV(RAND(),MV2,Sigma1),IF(RAND()<CondGood,_xlfn.LOGNORM.INV(RAND(),MV3,Sigma2),MIN(MaxMultiple,Xm/(1-RAND())^(1/Alpha))))) -> 0.50629898 | R14: =IF(RAND()<P_Zero,0,IF(RAND()<CondReturn,_xlfn.LOGNORM.INV(RAND(),MV2,Sigma1),IF(RAND()<CondGood,_xlfn.LOGNORM.INV(RAND(),MV3,Sigma2),MIN(MaxMultiple,Xm/(1-RAND())^(1/Alpha))))) -> 22.113179 | S14: =IF(RAND()<P_Zero,0,IF(RAND()<CondReturn,_xlfn.LOGNORM.INV(RAND(),MV2,Sigma1),IF(RAND()<CondGood,_xlfn.LOGNORM.INV(RAND(),MV3,Sigma2),MIN(MaxMultiple,Xm/(1-RAND())^(1/Alpha))))) -> 3.1964926 | T14: =IF(RAND()<P_Zero,0,IF(RAND()<CondReturn,_xlfn.LOGNORM.INV(RAND(),MV2,Sigma1),IF(RAND()<CondGood,_xlfn.LOGNORM.INV(RAND(),MV3,Sigma2),MIN(MaxMultiple,Xm/(1-RAND())^(1/Alpha))))) -> 0.81116784 | U14: =IF(RAND()<P_Zero,0,IF(RAND()<CondReturn,_xlfn.LOGNORM.INV(RAND(),MV2,Sigma1),IF(RAND()<CondGood,_xlfn.LOGNORM.INV(RAND(),MV3,Sigma2),MIN(MaxMultiple,Xm/(1-RAND())^(1/Alpha))))) -> 21.412415 | V14: =IF(RAND()<P_Zero,0,IF(RAND()<CondReturn,_xlfn.LOGNORM.INV(RAND(),MV2,Sigma1),IF(RAND()<CondGood,_xlfn.LOGNORM.INV(RAND(),MV3,Sigma2),MIN(MaxMultiple,Xm/(1-RAND())^(1/Alpha))))) -> 2.4397671 | W14: =IF(RAND()<P_Zero,0,IF(RAND()<CondReturn,_xlfn.LOGNORM.INV(RAND(),MV2,Sigma1),IF(RAND()<CondGood,_xlfn.LOGNORM.INV(RAND(),MV3,Sigma2),MIN(MaxMultiple,Xm/(1-RAND())^(1/Alpha))))) -> 0 | X14: =IF(RAND()<P_Zero,0,IF(RAND()<CondReturn,_xlfn.LOGNORM.INV(RAND(),MV2,Sigma1),IF(RAND()<CondGood,_xlfn.LOGNORM.INV(RAND(),MV3,Sigma2),MIN(MaxMultiple,Xm/(1-RAND())^(1/Alpha))))) -> 61.140715 | Y14: =IF(RAND()<P_Zero,0,IF(RAND()<CondReturn,_xlfn.LOGNORM.INV(RAND(),MV2,Sigma1),IF(RAND()<CondGood,_xlfn.LOGNORM.INV(RAND(),MV3,Sigma2),MIN(MaxMultiple,Xm/(1-RAND())^(1/Alpha))))) -> 0.83395649 | Z14: =IF(RAND()<P_Zero,0,IF(RAND()<CondReturn,_xlfn.LOGNORM.INV(RAND(),MV2,Sigma1),IF(RAND()<CondGood,_xlfn.LOGNORM.INV(RAND(),MV3,Sigma2),MIN(MaxMultiple,Xm/(1-RAND())^(1/Alpha))))) -> 2.4250314 | AA14: =IF(RAND()<P_Zero,0,IF(RAND()<CondReturn,_xlfn.LOGNORM.INV(RAND(),MV2,Sigma1),IF(RAND()<CondGood,_xlfn.LOGNORM.INV(RAND(),MV3,Sigma2),MIN(MaxMultiple,Xm/(1-RAND())^(1/Alpha))))) -> 44.983206 | AB14: =AVERAGE(C14:AA14) -> 9.8800727 | AC14: =AB14*InvestableCapital -> 4.7424349e+08 | AD14: =AC14-InvestableCapital -> 4.2624349e+08 | AE14: =HurdleToggle*InvestableCapital*((1+HurdleRate)^FeeYears-1) -> 55628400 | AF14: =MAX(0,AD14-AE14) -> 3.7061509e+08 | AG14: =CarryRate*AF14 -> 74123018 | AH14: =AC14-AG14 -> 4.0012047e+08 | AI14: =AH14/FundSize -> 6.6686745
B15: 10 | C15: =IF(RAND()<P_Zero,0,IF(RAND()<CondReturn,_xlfn.LOGNORM.INV(RAND(),MV2,Sigma1),IF(RAND()<CondGood,_xlfn.LOGNORM.INV(RAND(),MV3,Sigma2),MIN(MaxMultiple,Xm/(1-RAND())^(1/Alpha))))) -> 0.4007421 | D15: =IF(RAND()<P_Zero,0,IF(RAND()<CondReturn,_xlfn.LOGNORM.INV(RAND(),MV2,Sigma1),IF(RAND()<CondGood,_xlfn.LOGNORM.INV(RAND(),MV3,Sigma2),MIN(MaxMultiple,Xm/(1-RAND())^(1/Alpha))))) -> 0 | E15: =IF(RAND()<P_Zero,0,IF(RAND()<CondReturn,_xlfn.LOGNORM.INV(RAND(),MV2,Sigma1),IF(RAND()<CondGood,_xlfn.LOGNORM.INV(RAND(),MV3,Sigma2),MIN(MaxMultiple,Xm/(1-RAND())^(1/Alpha))))) -> 0 | F15: =IF(RAND()<P_Zero,0,IF(RAND()<CondReturn,_xlfn.LOGNORM.INV(RAND(),MV2,Sigma1),IF(RAND()<CondGood,_xlfn.LOGNORM.INV(RAND(),MV3,Sigma2),MIN(MaxMultiple,Xm/(1-RAND())^(1/Alpha))))) -> 0 | G15: =IF(RAND()<P_Zero,0,IF(RAND()<CondReturn,_xlfn.LOGNORM.INV(RAND(),MV2,Sigma1),IF(RAND()<CondGood,_xlfn.LOGNORM.INV(RAND(),MV3,Sigma2),MIN(MaxMultiple,Xm/(1-RAND())^(1/Alpha))))) -> 0.89201182 | H15: =IF(RAND()<P_Zero,0,IF(RAND()<CondReturn,_xlfn.LOGNORM.INV(RAND(),MV2,Sigma1),IF(RAND()<CondGood,_xlfn.LOGNORM.INV(RAND(),MV3,Sigma2),MIN(MaxMultiple,Xm/(1-RAND())^(1/Alpha))))) -> 0 | I15: =IF(RAND()<P_Zero,0,IF(RAND()<CondReturn,_xlfn.LOGNORM.INV(RAND(),MV2,Sigma1),IF(RAND()<CondGood,_xlfn.LOGNORM.INV(RAND(),MV3,Sigma2),MIN(MaxMultiple,Xm/(1-RAND())^(1/Alpha))))) -> 1.7985426 | J15: =IF(RAND()<P_Zero,0,IF(RAND()<CondReturn,_xlfn.LOGNORM.INV(RAND(),MV2,Sigma1),IF(RAND()<CondGood,_xlfn.LOGNORM.INV(RAND(),MV3,Sigma2),MIN(MaxMultiple,Xm/(1-RAND())^(1/Alpha))))) -> 68.325312 | K15: =IF(RAND()<P_Zero,0,IF(RAND()<CondReturn,_xlfn.LOGNORM.INV(RAND(),MV2,Sigma1),IF(RAND()<CondGood,_xlfn.LOGNORM.INV(RAND(),MV3,Sigma2),MIN(MaxMultiple,Xm/(1-RAND())^(1/Alpha))))) -> 0 | L15: =IF(RAND()<P_Zero,0,IF(RAND()<CondReturn,_xlfn.LOGNORM.INV(RAND(),MV2,Sigma1),IF(RAND()<CondGood,_xlfn.LOGNORM.INV(RAND(),MV3,Sigma2),MIN(MaxMultiple,Xm/(1-RAND())^(1/Alpha))))) -> 0 | M15: =IF(RAND()<P_Zero,0,IF(RAND()<CondReturn,_xlfn.LOGNORM.INV(RAND(),MV2,Sigma1),IF(RAND()<CondGood,_xlfn.LOGNORM.INV(RAND(),MV3,Sigma2),MIN(MaxMultiple,Xm/(1-RAND())^(1/Alpha))))) -> 0 | N15: =IF(RAND()<P_Zero,0,IF(RAND()<CondReturn,_xlfn.LOGNORM.INV(RAND(),MV2,Sigma1),IF(RAND()<CondGood,_xlfn.LOGNORM.INV(RAND(),MV3,Sigma2),MIN(MaxMultiple,Xm/(1-RAND())^(1/Alpha))))) -> 0.33663938 | O15: =IF(RAND()<P_Zero,0,IF(RAND()<CondReturn,_xlfn.LOGNORM.INV(RAND(),MV2,Sigma1),IF(RAND()<CondGood,_xlfn.LOGNORM.INV(RAND(),MV3,Sigma2),MIN(MaxMultiple,Xm/(1-RAND())^(1/Alpha))))) -> 1.5432995 | P15: =IF(RAND()<P_Zero,0,IF(RAND()<CondReturn,_xlfn.LOGNORM.INV(RAND(),MV2,Sigma1),IF(RAND()<CondGood,_xlfn.LOGNORM.INV(RAND(),MV3,Sigma2),MIN(MaxMultiple,Xm/(1-RAND())^(1/Alpha))))) -> 0 | Q15: =IF(RAND()<P_Zero,0,IF(RAND()<CondReturn,_xlfn.LOGNORM.INV(RAND(),MV2,Sigma1),IF(RAND()<CondGood,_xlfn.LOGNORM.INV(RAND(),MV3,Sigma2),MIN(MaxMultiple,Xm/(1-RAND())^(1/Alpha))))) -> 1.4044779 | R15: =IF(RAND()<P_Zero,0,IF(RAND()<CondReturn,_xlfn.LOGNORM.INV(RAND(),MV2,Sigma1),IF(RAND()<CondGood,_xlfn.LOGNORM.INV(RAND(),MV3,Sigma2),MIN(MaxMultiple,Xm/(1-RAND())^(1/Alpha))))) -> 0.48640867 | S15: =IF(RAND()<P_Zero,0,IF(RAND()<CondReturn,_xlfn.LOGNORM.INV(RAND(),MV2,Sigma1),IF(RAND()<CondGood,_xlfn.LOGNORM.INV(RAND(),MV3,Sigma2),MIN(MaxMultiple,Xm/(1-RAND())^(1/Alpha))))) -> 1.3010454 | T15: =IF(RAND()<P_Zero,0,IF(RAND()<CondReturn,_xlfn.LOGNORM.INV(RAND(),MV2,Sigma1),IF(RAND()<CondGood,_xlfn.LOGNORM.INV(RAND(),MV3,Sigma2),MIN(MaxMultiple,Xm/(1-RAND())^(1/Alpha))))) -> 0 | U15: =IF(RAND()<P_Zero,0,IF(RAND()<CondReturn,_xlfn.LOGNORM.INV(RAND(),MV2,Sigma1),IF(RAND()<CondGood,_xlfn.LOGNORM.INV(RAND(),MV3,Sigma2),MIN(MaxMultiple,Xm/(1-RAND())^(1/Alpha))))) -> 1.1324818 | V15: =IF(RAND()<P_Zero,0,IF(RAND()<CondReturn,_xlfn.LOGNORM.INV(RAND(),MV2,Sigma1),IF(RAND()<CondGood,_xlfn.LOGNORM.INV(RAND(),MV3,Sigma2),MIN(MaxMultiple,Xm/(1-RAND())^(1/Alpha))))) -> 1.0162216 | W15: =IF(RAND()<P_Zero,0,IF(RAND()<CondReturn,_xlfn.LOGNORM.INV(RAND(),MV2,Sigma1),IF(RAND()<CondGood,_xlfn.LOGNORM.INV(RAND(),MV3,Sigma2),MIN(MaxMultiple,Xm/(1-RAND())^(1/Alpha))))) -> 0 | X15: =IF(RAND()<P_Zero,0,IF(RAND()<CondReturn,_xlfn.LOGNORM.INV(RAND(),MV2,Sigma1),IF(RAND()<CondGood,_xlfn.LOGNORM.INV(RAND(),MV3,Sigma2),MIN(MaxMultiple,Xm/(1-RAND())^(1/Alpha))))) -> 0.8906358 | Y15: =IF(RAND()<P_Zero,0,IF(RAND()<CondReturn,_xlfn.LOGNORM.INV(RAND(),MV2,Sigma1),IF(RAND()<CondGood,_xlfn.LOGNORM.INV(RAND(),MV3,Sigma2),MIN(MaxMultiple,Xm/(1-RAND())^(1/Alpha))))) -> 0.84532614 | Z15: =IF(RAND()<P_Zero,0,IF(RAND()<CondReturn,_xlfn.LOGNORM.INV(RAND(),MV2,Sigma1),IF(RAND()<CondGood,_xlfn.LOGNORM.INV(RAND(),MV3,Sigma2),MIN(MaxMultiple,Xm/(1-RAND())^(1/Alpha))))) -> 1.2118366 | AA15: =IF(RAND()<P_Zero,0,IF(RAND()<CondReturn,_xlfn.LOGNORM.INV(RAND(),MV2,Sigma1),IF(RAND()<CondGood,_xlfn.LOGNORM.INV(RAND(),MV3,Sigma2),MIN(MaxMultiple,Xm/(1-RAND())^(1/Alpha))))) -> 1.0149619 | AB15: =AVERAGE(C15:AA15) -> 3.3039977 | AC15: =AB15*InvestableCapital -> 1.5859189e+08 | AD15: =AC15-InvestableCapital -> 1.1059189e+08 | AE15: =HurdleToggle*InvestableCapital*((1+HurdleRate)^FeeYears-1) -> 55628400 | AF15: =MAX(0,AD15-AE15) -> 54963492 | AG15: =CarryRate*AF15 -> 10992698 | AH15: =AC15-AG15 -> 1.4759919e+08 | AI15: =AH15/FundSize -> 2.4599866
B16: 11 | C16: =IF(RAND()<P_Zero,0,IF(RAND()<CondReturn,_xlfn.LOGNORM.INV(RAND(),MV2,Sigma1),IF(RAND()<CondGood,_xlfn.LOGNORM.INV(RAND(),MV3,Sigma2),MIN(MaxMultiple,Xm/(1-RAND())^(1/Alpha))))) -> 1.3018249 | D16: =IF(RAND()<P_Zero,0,IF(RAND()<CondReturn,_xlfn.LOGNORM.INV(RAND(),MV2,Sigma1),IF(RAND()<CondGood,_xlfn.LOGNORM.INV(RAND(),MV3,Sigma2),MIN(MaxMultiple,Xm/(1-RAND())^(1/Alpha))))) -> 1.0229099 | E16: =IF(RAND()<P_Zero,0,IF(RAND()<CondReturn,_xlfn.LOGNORM.INV(RAND(),MV2,Sigma1),IF(RAND()<CondGood,_xlfn.LOGNORM.INV(RAND(),MV3,Sigma2),MIN(MaxMultiple,Xm/(1-RAND())^(1/Alpha))))) -> 1.0993413 | F16: =IF(RAND()<P_Zero,0,IF(RAND()<CondReturn,_xlfn.LOGNORM.INV(RAND(),MV2,Sigma1),IF(RAND()<CondGood,_xlfn.LOGNORM.INV(RAND(),MV3,Sigma2),MIN(MaxMultiple,Xm/(1-RAND())^(1/Alpha))))) -> 0.53019802 | G16: =IF(RAND()<P_Zero,0,IF(RAND()<CondReturn,_xlfn.LOGNORM.INV(RAND(),MV2,Sigma1),IF(RAND()<CondGood,_xlfn.LOGNORM.INV(RAND(),MV3,Sigma2),MIN(MaxMultiple,Xm/(1-RAND())^(1/Alpha))))) -> 0 | H16: =IF(RAND()<P_Zero,0,IF(RAND()<CondReturn,_xlfn.LOGNORM.INV(RAND(),MV2,Sigma1),IF(RAND()<CondGood,_xlfn.LOGNORM.INV(RAND(),MV3,Sigma2),MIN(MaxMultiple,Xm/(1-RAND())^(1/Alpha))))) -> 0 | I16: =IF(RAND()<P_Zero,0,IF(RAND()<CondReturn,_xlfn.LOGNORM.INV(RAND(),MV2,Sigma1),IF(RAND()<CondGood,_xlfn.LOGNORM.INV(RAND(),MV3,Sigma2),MIN(MaxMultiple,Xm/(1-RAND())^(1/Alpha))))) -> 0.79482929 | J16: =IF(RAND()<P_Zero,0,IF(RAND()<CondReturn,_xlfn.LOGNORM.INV(RAND(),MV2,Sigma1),IF(RAND()<CondGood,_xlfn.LOGNORM.INV(RAND(),MV3,Sigma2),MIN(MaxMultiple,Xm/(1-RAND())^(1/Alpha))))) -> 0 | K16: =IF(RAND()<P_Zero,0,IF(RAND()<CondReturn,_xlfn.LOGNORM.INV(RAND(),MV2,Sigma1),IF(RAND()<CondGood,_xlfn.LOGNORM.INV(RAND(),MV3,Sigma2),MIN(MaxMultiple,Xm/(1-RAND())^(1/Alpha))))) -> 0.47007212 | L16: =IF(RAND()<P_Zero,0,IF(RAND()<CondReturn,_xlfn.LOGNORM.INV(RAND(),MV2,Sigma1),IF(RAND()<CondGood,_xlfn.LOGNORM.INV(RAND(),MV3,Sigma2),MIN(MaxMultiple,Xm/(1-RAND())^(1/Alpha))))) -> 0.72824023 | M16: =IF(RAND()<P_Zero,0,IF(RAND()<CondReturn,_xlfn.LOGNORM.INV(RAND(),MV2,Sigma1),IF(RAND()<CondGood,_xlfn.LOGNORM.INV(RAND(),MV3,Sigma2),MIN(MaxMultiple,Xm/(1-RAND())^(1/Alpha))))) -> 0.85280275 | N16: =IF(RAND()<P_Zero,0,IF(RAND()<CondReturn,_xlfn.LOGNORM.INV(RAND(),MV2,Sigma1),IF(RAND()<CondGood,_xlfn.LOGNORM.INV(RAND(),MV3,Sigma2),MIN(MaxMultiple,Xm/(1-RAND())^(1/Alpha))))) -> 0.88710127 | O16: =IF(RAND()<P_Zero,0,IF(RAND()<CondReturn,_xlfn.LOGNORM.INV(RAND(),MV2,Sigma1),IF(RAND()<CondGood,_xlfn.LOGNORM.INV(RAND(),MV3,Sigma2),MIN(MaxMultiple,Xm/(1-RAND())^(1/Alpha))))) -> 0.54905667 | P16: =IF(RAND()<P_Zero,0,IF(RAND()<CondReturn,_xlfn.LOGNORM.INV(RAND(),MV2,Sigma1),IF(RAND()<CondGood,_xlfn.LOGNORM.INV(RAND(),MV3,Sigma2),MIN(MaxMultiple,Xm/(1-RAND())^(1/Alpha))))) -> 1.5379332 | Q16: =IF(RAND()<P_Zero,0,IF(RAND()<CondReturn,_xlfn.LOGNORM.INV(RAND(),MV2,Sigma1),IF(RAND()<CondGood,_xlfn.LOGNORM.INV(RAND(),MV3,Sigma2),MIN(MaxMultiple,Xm/(1-RAND())^(1/Alpha))))) -> 19.385603 | R16: =IF(RAND()<P_Zero,0,IF(RAND()<CondReturn,_xlfn.LOGNORM.INV(RAND(),MV2,Sigma1),IF(RAND()<CondGood,_xlfn.LOGNORM.INV(RAND(),MV3,Sigma2),MIN(MaxMultiple,Xm/(1-RAND())^(1/Alpha))))) -> 0 | S16: =IF(RAND()<P_Zero,0,IF(RAND()<CondReturn,_xlfn.LOGNORM.INV(RAND(),MV2,Sigma1),IF(RAND()<CondGood,_xlfn.LOGNORM.INV(RAND(),MV3,Sigma2),MIN(MaxMultiple,Xm/(1-RAND())^(1/Alpha))))) -> 0 | T16: =IF(RAND()<P_Zero,0,IF(RAND()<CondReturn,_xlfn.LOGNORM.INV(RAND(),MV2,Sigma1),IF(RAND()<CondGood,_xlfn.LOGNORM.INV(RAND(),MV3,Sigma2),MIN(MaxMultiple,Xm/(1-RAND())^(1/Alpha))))) -> 0 | U16: =IF(RAND()<P_Zero,0,IF(RAND()<CondReturn,_xlfn.LOGNORM.INV(RAND(),MV2,Sigma1),IF(RAND()<CondGood,_xlfn.LOGNORM.INV(RAND(),MV3,Sigma2),MIN(MaxMultiple,Xm/(1-RAND())^(1/Alpha))))) -> 0 | V16: =IF(RAND()<P_Zero,0,IF(RAND()<CondReturn,_xlfn.LOGNORM.INV(RAND(),MV2,Sigma1),IF(RAND()<CondGood,_xlfn.LOGNORM.INV(RAND(),MV3,Sigma2),MIN(MaxMultiple,Xm/(1-RAND())^(1/Alpha))))) -> 0 | W16: =IF(RAND()<P_Zero,0,IF(RAND()<CondReturn,_xlfn.LOGNORM.INV(RAND(),MV2,Sigma1),IF(RAND()<CondGood,_xlfn.LOGNORM.INV(RAND(),MV3,Sigma2),MIN(MaxMultiple,Xm/(1-RAND())^(1/Alpha))))) -> 0 | X16: =IF(RAND()<P_Zero,0,IF(RAND()<CondReturn,_xlfn.LOGNORM.INV(RAND(),MV2,Sigma1),IF(RAND()<CondGood,_xlfn.LOGNORM.INV(RAND(),MV3,Sigma2),MIN(MaxMultiple,Xm/(1-RAND())^(1/Alpha))))) -> 0.83668573 | Y16: =IF(RAND()<P_Zero,0,IF(RAND()<CondReturn,_xlfn.LOGNORM.INV(RAND(),MV2,Sigma1),IF(RAND()<CondGood,_xlfn.LOGNORM.INV(RAND(),MV3,Sigma2),MIN(MaxMultiple,Xm/(1-RAND())^(1/Alpha))))) -> 2.7751388 | Z16: =IF(RAND()<P_Zero,0,IF(RAND()<CondReturn,_xlfn.LOGNORM.INV(RAND(),MV2,Sigma1),IF(RAND()<CondGood,_xlfn.LOGNORM.INV(RAND(),MV3,Sigma2),MIN(MaxMultiple,Xm/(1-RAND())^(1/Alpha))))) -> 1.0482038 | AA16: =IF(RAND()<P_Zero,0,IF(RAND()<CondReturn,_xlfn.LOGNORM.INV(RAND(),MV2,Sigma1),IF(RAND()<CondGood,_xlfn.LOGNORM.INV(RAND(),MV3,Sigma2),MIN(MaxMultiple,Xm/(1-RAND())^(1/Alpha))))) -> 1.0556418 | AB16: =AVERAGE(C16:AA16) -> 1.3950233 | AC16: =AB16*InvestableCapital -> 66961119 | AD16: =AC16-InvestableCapital -> 18961119 | AE16: =HurdleToggle*InvestableCapital*((1+HurdleRate)^FeeYears-1) -> 55628400 | AF16: =MAX(0,AD16-AE16) -> 0 | AG16: =CarryRate*AF16 -> 0 | AH16: =AC16-AG16 -> 66961119 | AI16: =AH16/FundSize -> 1.1160186
B17: 12 | C17: =IF(RAND()<P_Zero,0,IF(RAND()<CondReturn,_xlfn.LOGNORM.INV(RAND(),MV2,Sigma1),IF(RAND()<CondGood,_xlfn.LOGNORM.INV(RAND(),MV3,Sigma2),MIN(MaxMultiple,Xm/(1-RAND())^(1/Alpha))))) -> 0 | D17: =IF(RAND()<P_Zero,0,IF(RAND()<CondReturn,_xlfn.LOGNORM.INV(RAND(),MV2,Sigma1),IF(RAND()<CondGood,_xlfn.LOGNORM.INV(RAND(),MV3,Sigma2),MIN(MaxMultiple,Xm/(1-RAND())^(1/Alpha))))) -> 21.883633 | E17: =IF(RAND()<P_Zero,0,IF(RAND()<CondReturn,_xlfn.LOGNORM.INV(RAND(),MV2,Sigma1),IF(RAND()<CondGood,_xlfn.LOGNORM.INV(RAND(),MV3,Sigma2),MIN(MaxMultiple,Xm/(1-RAND())^(1/Alpha))))) -> 0 | F17: =IF(RAND()<P_Zero,0,IF(RAND()<CondReturn,_xlfn.LOGNORM.INV(RAND(),MV2,Sigma1),IF(RAND()<CondGood,_xlfn.LOGNORM.INV(RAND(),MV3,Sigma2),MIN(MaxMultiple,Xm/(1-RAND())^(1/Alpha))))) -> 1.5773272 | G17: =IF(RAND()<P_Zero,0,IF(RAND()<CondReturn,_xlfn.LOGNORM.INV(RAND(),MV2,Sigma1),IF(RAND()<CondGood,_xlfn.LOGNORM.INV(RAND(),MV3,Sigma2),MIN(MaxMultiple,Xm/(1-RAND())^(1/Alpha))))) -> 17.691515 | H17: =IF(RAND()<P_Zero,0,IF(RAND()<CondReturn,_xlfn.LOGNORM.INV(RAND(),MV2,Sigma1),IF(RAND()<CondGood,_xlfn.LOGNORM.INV(RAND(),MV3,Sigma2),MIN(MaxMultiple,Xm/(1-RAND())^(1/Alpha))))) -> 1.6763648 | I17: =IF(RAND()<P_Zero,0,IF(RAND()<CondReturn,_xlfn.LOGNORM.INV(RAND(),MV2,Sigma1),IF(RAND()<CondGood,_xlfn.LOGNORM.INV(RAND(),MV3,Sigma2),MIN(MaxMultiple,Xm/(1-RAND())^(1/Alpha))))) -> 0.84297594 | J17: =IF(RAND()<P_Zero,0,IF(RAND()<CondReturn,_xlfn.LOGNORM.INV(RAND(),MV2,Sigma1),IF(RAND()<CondGood,_xlfn.LOGNORM.INV(RAND(),MV3,Sigma2),MIN(MaxMultiple,Xm/(1-RAND())^(1/Alpha))))) -> 0 | K17: =IF(RAND()<P_Zero,0,IF(RAND()<CondReturn,_xlfn.LOGNORM.INV(RAND(),MV2,Sigma1),IF(RAND()<CondGood,_xlfn.LOGNORM.INV(RAND(),MV3,Sigma2),MIN(MaxMultiple,Xm/(1-RAND())^(1/Alpha))))) -> 2.9562752 | L17: =IF(RAND()<P_Zero,0,IF(RAND()<CondReturn,_xlfn.LOGNORM.INV(RAND(),MV2,Sigma1),IF(RAND()<CondGood,_xlfn.LOGNORM.INV(RAND(),MV3,Sigma2),MIN(MaxMultiple,Xm/(1-RAND())^(1/Alpha))))) -> 10.965036 | M17: =IF(RAND()<P_Zero,0,IF(RAND()<CondReturn,_xlfn.LOGNORM.INV(RAND(),MV2,Sigma1),IF(RAND()<CondGood,_xlfn.LOGNORM.INV(RAND(),MV3,Sigma2),MIN(MaxMultiple,Xm/(1-RAND())^(1/Alpha))))) -> 0 | N17: =IF(RAND()<P_Zero,0,IF(RAND()<CondReturn,_xlfn.LOGNORM.INV(RAND(),MV2,Sigma1),IF(RAND()<CondGood,_xlfn.LOGNORM.INV(RAND(),MV3,Sigma2),MIN(MaxMultiple,Xm/(1-RAND())^(1/Alpha))))) -> 109.94023 | O17: =IF(RAND()<P_Zero,0,IF(RAND()<CondReturn,_xlfn.LOGNORM.INV(RAND(),MV2,Sigma1),IF(RAND()<CondGood,_xlfn.LOGNORM.INV(RAND(),MV3,Sigma2),MIN(MaxMultiple,Xm/(1-RAND())^(1/Alpha))))) -> 1.0999642 | P17: =IF(RAND()<P_Zero,0,IF(RAND()<CondReturn,_xlfn.LOGNORM.INV(RAND(),MV2,Sigma1),IF(RAND()<CondGood,_xlfn.LOGNORM.INV(RAND(),MV3,Sigma2),MIN(MaxMultiple,Xm/(1-RAND())^(1/Alpha))))) -> 1.0801273 | Q17: =IF(RAND()<P_Zero,0,IF(RAND()<CondReturn,_xlfn.LOGNORM.INV(RAND(),MV2,Sigma1),IF(RAND()<CondGood,_xlfn.LOGNORM.INV(RAND(),MV3,Sigma2),MIN(MaxMultiple,Xm/(1-RAND())^(1/Alpha))))) -> 0.68463382 | R17: =IF(RAND()<P_Zero,0,IF(RAND()<CondReturn,_xlfn.LOGNORM.INV(RAND(),MV2,Sigma1),IF(RAND()<CondGood,_xlfn.LOGNORM.INV(RAND(),MV3,Sigma2),MIN(MaxMultiple,Xm/(1-RAND())^(1/Alpha))))) -> 16.843186 | S17: =IF(RAND()<P_Zero,0,IF(RAND()<CondReturn,_xlfn.LOGNORM.INV(RAND(),MV2,Sigma1),IF(RAND()<CondGood,_xlfn.LOGNORM.INV(RAND(),MV3,Sigma2),MIN(MaxMultiple,Xm/(1-RAND())^(1/Alpha))))) -> 1.4696692 | T17: =IF(RAND()<P_Zero,0,IF(RAND()<CondReturn,_xlfn.LOGNORM.INV(RAND(),MV2,Sigma1),IF(RAND()<CondGood,_xlfn.LOGNORM.INV(RAND(),MV3,Sigma2),MIN(MaxMultiple,Xm/(1-RAND())^(1/Alpha))))) -> 0 | U17: =IF(RAND()<P_Zero,0,IF(RAND()<CondReturn,_xlfn.LOGNORM.INV(RAND(),MV2,Sigma1),IF(RAND()<CondGood,_xlfn.LOGNORM.INV(RAND(),MV3,Sigma2),MIN(MaxMultiple,Xm/(1-RAND())^(1/Alpha))))) -> 10.100989 | V17: =IF(RAND()<P_Zero,0,IF(RAND()<CondReturn,_xlfn.LOGNORM.INV(RAND(),MV2,Sigma1),IF(RAND()<CondGood,_xlfn.LOGNORM.INV(RAND(),MV3,Sigma2),MIN(MaxMultiple,Xm/(1-RAND())^(1/Alpha))))) -> 0 | W17: =IF(RAND()<P_Zero,0,IF(RAND()<CondReturn,_xlfn.LOGNORM.INV(RAND(),MV2,Sigma1),IF(RAND()<CondGood,_xlfn.LOGNORM.INV(RAND(),MV3,Sigma2),MIN(MaxMultiple,Xm/(1-RAND())^(1/Alpha))))) -> 2.2572243 | X17: =IF(RAND()<P_Zero,0,IF(RAND()<CondReturn,_xlfn.LOGNORM.INV(RAND(),MV2,Sigma1),IF(RAND()<CondGood,_xlfn.LOGNORM.INV(RAND(),MV3,Sigma2),MIN(MaxMultiple,Xm/(1-RAND())^(1/Alpha))))) -> 0 | Y17: =IF(RAND()<P_Zero,0,IF(RAND()<CondReturn,_xlfn.LOGNORM.INV(RAND(),MV2,Sigma1),IF(RAND()<CondGood,_xlfn.LOGNORM.INV(RAND(),MV3,Sigma2),MIN(MaxMultiple,Xm/(1-RAND())^(1/Alpha))))) -> 0.88284617 | Z17: =IF(RAND()<P_Zero,0,IF(RAND()<CondReturn,_xlfn.LOGNORM.INV(RAND(),MV2,Sigma1),IF(RAND()<CondGood,_xlfn.LOGNORM.INV(RAND(),MV3,Sigma2),MIN(MaxMultiple,Xm/(1-RAND())^(1/Alpha))))) -> 4.0363448 | AA17: =IF(RAND()<P_Zero,0,IF(RAND()<CondReturn,_xlfn.LOGNORM.INV(RAND(),MV2,Sigma1),IF(RAND()<CondGood,_xlfn.LOGNORM.INV(RAND(),MV3,Sigma2),MIN(MaxMultiple,Xm/(1-RAND())^(1/Alpha))))) -> 0.64658326 | AB17: =AVERAGE(C17:AA17) -> 8.265397 | AC17: =AB17*InvestableCapital -> 3.9673905e+08 | AD17: =AC17-InvestableCapital -> 3.4873905e+08 | AE17: =HurdleToggle*InvestableCapital*((1+HurdleRate)^FeeYears-1) -> 55628400 | AF17: =MAX(0,AD17-AE17) -> 2.9311065e+08 | AG17: =CarryRate*AF17 -> 58622131 | AH17: =AC17-AG17 -> 3.3811692e+08 | AI17: =AH17/FundSize -> 5.635282
B18: 13 | C18: =IF(RAND()<P_Zero,0,IF(RAND()<CondReturn,_xlfn.LOGNORM.INV(RAND(),MV2,Sigma1),IF(RAND()<CondGood,_xlfn.LOGNORM.INV(RAND(),MV3,Sigma2),MIN(MaxMultiple,Xm/(1-RAND())^(1/Alpha))))) -> 1.0747011 | D18: =IF(RAND()<P_Zero,0,IF(RAND()<CondReturn,_xlfn.LOGNORM.INV(RAND(),MV2,Sigma1),IF(RAND()<CondGood,_xlfn.LOGNORM.INV(RAND(),MV3,Sigma2),MIN(MaxMultiple,Xm/(1-RAND())^(1/Alpha))))) -> 1.3735605 | E18: =IF(RAND()<P_Zero,0,IF(RAND()<CondReturn,_xlfn.LOGNORM.INV(RAND(),MV2,Sigma1),IF(RAND()<CondGood,_xlfn.LOGNORM.INV(RAND(),MV3,Sigma2),MIN(MaxMultiple,Xm/(1-RAND())^(1/Alpha))))) -> 2.0417457 | F18: =IF(RAND()<P_Zero,0,IF(RAND()<CondReturn,_xlfn.LOGNORM.INV(RAND(),MV2,Sigma1),IF(RAND()<CondGood,_xlfn.LOGNORM.INV(RAND(),MV3,Sigma2),MIN(MaxMultiple,Xm/(1-RAND())^(1/Alpha))))) -> 0 | G18: =IF(RAND()<P_Zero,0,IF(RAND()<CondReturn,_xlfn.LOGNORM.INV(RAND(),MV2,Sigma1),IF(RAND()<CondGood,_xlfn.LOGNORM.INV(RAND(),MV3,Sigma2),MIN(MaxMultiple,Xm/(1-RAND())^(1/Alpha))))) -> 0 | H18: =IF(RAND()<P_Zero,0,IF(RAND()<CondReturn,_xlfn.LOGNORM.INV(RAND(),MV2,Sigma1),IF(RAND()<CondGood,_xlfn.LOGNORM.INV(RAND(),MV3,Sigma2),MIN(MaxMultiple,Xm/(1-RAND())^(1/Alpha))))) -> 1.4472008 | I18: =IF(RAND()<P_Zero,0,IF(RAND()<CondReturn,_xlfn.LOGNORM.INV(RAND(),MV2,Sigma1),IF(RAND()<CondGood,_xlfn.LOGNORM.INV(RAND(),MV3,Sigma2),MIN(MaxMultiple,Xm/(1-RAND())^(1/Alpha))))) -> 1.5819204 | J18: =IF(RAND()<P_Zero,0,IF(RAND()<CondReturn,_xlfn.LOGNORM.INV(RAND(),MV2,Sigma1),IF(RAND()<CondGood,_xlfn.LOGNORM.INV(RAND(),MV3,Sigma2),MIN(MaxMultiple,Xm/(1-RAND())^(1/Alpha))))) -> 0.85529756 | K18: =IF(RAND()<P_Zero,0,IF(RAND()<CondReturn,_xlfn.LOGNORM.INV(RAND(),MV2,Sigma1),IF(RAND()<CondGood,_xlfn.LOGNORM.INV(RAND(),MV3,Sigma2),MIN(MaxMultiple,Xm/(1-RAND())^(1/Alpha))))) -> 0 | L18: =IF(RAND()<P_Zero,0,IF(RAND()<CondReturn,_xlfn.LOGNORM.INV(RAND(),MV2,Sigma1),IF(RAND()<CondGood,_xlfn.LOGNORM.INV(RAND(),MV3,Sigma2),MIN(MaxMultiple,Xm/(1-RAND())^(1/Alpha))))) -> 1.5352166 | M18: =IF(RAND()<P_Zero,0,IF(RAND()<CondReturn,_xlfn.LOGNORM.INV(RAND(),MV2,Sigma1),IF(RAND()<CondGood,_xlfn.LOGNORM.INV(RAND(),MV3,Sigma2),MIN(MaxMultiple,Xm/(1-RAND())^(1/Alpha))))) -> 0.74573342 | N18: =IF(RAND()<P_Zero,0,IF(RAND()<CondReturn,_xlfn.LOGNORM.INV(RAND(),MV2,Sigma1),IF(RAND()<CondGood,_xlfn.LOGNORM.INV(RAND(),MV3,Sigma2),MIN(MaxMultiple,Xm/(1-RAND())^(1/Alpha))))) -> 12.527023 | O18: =IF(RAND()<P_Zero,0,IF(RAND()<CondReturn,_xlfn.LOGNORM.INV(RAND(),MV2,Sigma1),IF(RAND()<CondGood,_xlfn.LOGNORM.INV(RAND(),MV3,Sigma2),MIN(MaxMultiple,Xm/(1-RAND())^(1/Alpha))))) -> 0 | P18: =IF(RAND()<P_Zero,0,IF(RAND()<CondReturn,_xlfn.LOGNORM.INV(RAND(),MV2,Sigma1),IF(RAND()<CondGood,_xlfn.LOGNORM.INV(RAND(),MV3,Sigma2),MIN(MaxMultiple,Xm/(1-RAND())^(1/Alpha))))) -> 0 | Q18: =IF(RAND()<P_Zero,0,IF(RAND()<CondReturn,_xlfn.LOGNORM.INV(RAND(),MV2,Sigma1),IF(RAND()<CondGood,_xlfn.LOGNORM.INV(RAND(),MV3,Sigma2),MIN(MaxMultiple,Xm/(1-RAND())^(1/Alpha))))) -> 0 | R18: =IF(RAND()<P_Zero,0,IF(RAND()<CondReturn,_xlfn.LOGNORM.INV(RAND(),MV2,Sigma1),IF(RAND()<CondGood,_xlfn.LOGNORM.INV(RAND(),MV3,Sigma2),MIN(MaxMultiple,Xm/(1-RAND())^(1/Alpha))))) -> 0.68192848 | S18: =IF(RAND()<P_Zero,0,IF(RAND()<CondReturn,_xlfn.LOGNORM.INV(RAND(),MV2,Sigma1),IF(RAND()<CondGood,_xlfn.LOGNORM.INV(RAND(),MV3,Sigma2),MIN(MaxMultiple,Xm/(1-RAND())^(1/Alpha))))) -> 0 | T18: =IF(RAND()<P_Zero,0,IF(RAND()<CondReturn,_xlfn.LOGNORM.INV(RAND(),MV2,Sigma1),IF(RAND()<CondGood,_xlfn.LOGNORM.INV(RAND(),MV3,Sigma2),MIN(MaxMultiple,Xm/(1-RAND())^(1/Alpha))))) -> 0 | U18: =IF(RAND()<P_Zero,0,IF(RAND()<CondReturn,_xlfn.LOGNORM.INV(RAND(),MV2,Sigma1),IF(RAND()<CondGood,_xlfn.LOGNORM.INV(RAND(),MV3,Sigma2),MIN(MaxMultiple,Xm/(1-RAND())^(1/Alpha))))) -> 23.584699 | V18: =IF(RAND()<P_Zero,0,IF(RAND()<CondReturn,_xlfn.LOGNORM.INV(RAND(),MV2,Sigma1),IF(RAND()<CondGood,_xlfn.LOGNORM.INV(RAND(),MV3,Sigma2),MIN(MaxMultiple,Xm/(1-RAND())^(1/Alpha))))) -> 2.7233076 | W18: =IF(RAND()<P_Zero,0,IF(RAND()<CondReturn,_xlfn.LOGNORM.INV(RAND(),MV2,Sigma1),IF(RAND()<CondGood,_xlfn.LOGNORM.INV(RAND(),MV3,Sigma2),MIN(MaxMultiple,Xm/(1-RAND())^(1/Alpha))))) -> 0 | X18: =IF(RAND()<P_Zero,0,IF(RAND()<CondReturn,_xlfn.LOGNORM.INV(RAND(),MV2,Sigma1),IF(RAND()<CondGood,_xlfn.LOGNORM.INV(RAND(),MV3,Sigma2),MIN(MaxMultiple,Xm/(1-RAND())^(1/Alpha))))) -> 1.0452543 | Y18: =IF(RAND()<P_Zero,0,IF(RAND()<CondReturn,_xlfn.LOGNORM.INV(RAND(),MV2,Sigma1),IF(RAND()<CondGood,_xlfn.LOGNORM.INV(RAND(),MV3,Sigma2),MIN(MaxMultiple,Xm/(1-RAND())^(1/Alpha))))) -> 0.82908321 | Z18: =IF(RAND()<P_Zero,0,IF(RAND()<CondReturn,_xlfn.LOGNORM.INV(RAND(),MV2,Sigma1),IF(RAND()<CondGood,_xlfn.LOGNORM.INV(RAND(),MV3,Sigma2),MIN(MaxMultiple,Xm/(1-RAND())^(1/Alpha))))) -> 0 | AA18: =IF(RAND()<P_Zero,0,IF(RAND()<CondReturn,_xlfn.LOGNORM.INV(RAND(),MV2,Sigma1),IF(RAND()<CondGood,_xlfn.LOGNORM.INV(RAND(),MV3,Sigma2),MIN(MaxMultiple,Xm/(1-RAND())^(1/Alpha))))) -> 0 | AB18: =AVERAGE(C18:AA18) -> 2.0818669 | AC18: =AB18*InvestableCapital -> 99929610 | AD18: =AC18-InvestableCapital -> 51929610 | AE18: =HurdleToggle*InvestableCapital*((1+HurdleRate)^FeeYears-1) -> 55628400 | AF18: =MAX(0,AD18-AE18) -> 0 | AG18: =CarryRate*AF18 -> 0 | AH18: =AC18-AG18 -> 99929610 | AI18: =AH18/FundSize -> 1.6654935
B19: 14 | C19: =IF(RAND()<P_Zero,0,IF(RAND()<CondReturn,_xlfn.LOGNORM.INV(RAND(),MV2,Sigma1),IF(RAND()<CondGood,_xlfn.LOGNORM.INV(RAND(),MV3,Sigma2),MIN(MaxMultiple,Xm/(1-RAND())^(1/Alpha))))) -> 0 | D19: =IF(RAND()<P_Zero,0,IF(RAND()<CondReturn,_xlfn.LOGNORM.INV(RAND(),MV2,Sigma1),IF(RAND()<CondGood,_xlfn.LOGNORM.INV(RAND(),MV3,Sigma2),MIN(MaxMultiple,Xm/(1-RAND())^(1/Alpha))))) -> 25.106551 | E19: =IF(RAND()<P_Zero,0,IF(RAND()<CondReturn,_xlfn.LOGNORM.INV(RAND(),MV2,Sigma1),IF(RAND()<CondGood,_xlfn.LOGNORM.INV(RAND(),MV3,Sigma2),MIN(MaxMultiple,Xm/(1-RAND())^(1/Alpha))))) -> 0.81647233 | F19: =IF(RAND()<P_Zero,0,IF(RAND()<CondReturn,_xlfn.LOGNORM.INV(RAND(),MV2,Sigma1),IF(RAND()<CondGood,_xlfn.LOGNORM.INV(RAND(),MV3,Sigma2),MIN(MaxMultiple,Xm/(1-RAND())^(1/Alpha))))) -> 0 | G19: =IF(RAND()<P_Zero,0,IF(RAND()<CondReturn,_xlfn.LOGNORM.INV(RAND(),MV2,Sigma1),IF(RAND()<CondGood,_xlfn.LOGNORM.INV(RAND(),MV3,Sigma2),MIN(MaxMultiple,Xm/(1-RAND())^(1/Alpha))))) -> 1.0054866 | H19: =IF(RAND()<P_Zero,0,IF(RAND()<CondReturn,_xlfn.LOGNORM.INV(RAND(),MV2,Sigma1),IF(RAND()<CondGood,_xlfn.LOGNORM.INV(RAND(),MV3,Sigma2),MIN(MaxMultiple,Xm/(1-RAND())^(1/Alpha))))) -> 1.2244894 | I19: =IF(RAND()<P_Zero,0,IF(RAND()<CondReturn,_xlfn.LOGNORM.INV(RAND(),MV2,Sigma1),IF(RAND()<CondGood,_xlfn.LOGNORM.INV(RAND(),MV3,Sigma2),MIN(MaxMultiple,Xm/(1-RAND())^(1/Alpha))))) -> 1.0004781 | J19: =IF(RAND()<P_Zero,0,IF(RAND()<CondReturn,_xlfn.LOGNORM.INV(RAND(),MV2,Sigma1),IF(RAND()<CondGood,_xlfn.LOGNORM.INV(RAND(),MV3,Sigma2),MIN(MaxMultiple,Xm/(1-RAND())^(1/Alpha))))) -> 0 | K19: =IF(RAND()<P_Zero,0,IF(RAND()<CondReturn,_xlfn.LOGNORM.INV(RAND(),MV2,Sigma1),IF(RAND()<CondGood,_xlfn.LOGNORM.INV(RAND(),MV3,Sigma2),MIN(MaxMultiple,Xm/(1-RAND())^(1/Alpha))))) -> 1.4442105 | L19: =IF(RAND()<P_Zero,0,IF(RAND()<CondReturn,_xlfn.LOGNORM.INV(RAND(),MV2,Sigma1),IF(RAND()<CondGood,_xlfn.LOGNORM.INV(RAND(),MV3,Sigma2),MIN(MaxMultiple,Xm/(1-RAND())^(1/Alpha))))) -> 1.024005 | M19: =IF(RAND()<P_Zero,0,IF(RAND()<CondReturn,_xlfn.LOGNORM.INV(RAND(),MV2,Sigma1),IF(RAND()<CondGood,_xlfn.LOGNORM.INV(RAND(),MV3,Sigma2),MIN(MaxMultiple,Xm/(1-RAND())^(1/Alpha))))) -> 55.855704 | N19: =IF(RAND()<P_Zero,0,IF(RAND()<CondReturn,_xlfn.LOGNORM.INV(RAND(),MV2,Sigma1),IF(RAND()<CondGood,_xlfn.LOGNORM.INV(RAND(),MV3,Sigma2),MIN(MaxMultiple,Xm/(1-RAND())^(1/Alpha))))) -> 1.5609931 | O19: =IF(RAND()<P_Zero,0,IF(RAND()<CondReturn,_xlfn.LOGNORM.INV(RAND(),MV2,Sigma1),IF(RAND()<CondGood,_xlfn.LOGNORM.INV(RAND(),MV3,Sigma2),MIN(MaxMultiple,Xm/(1-RAND())^(1/Alpha))))) -> 1.9802759 | P19: =IF(RAND()<P_Zero,0,IF(RAND()<CondReturn,_xlfn.LOGNORM.INV(RAND(),MV2,Sigma1),IF(RAND()<CondGood,_xlfn.LOGNORM.INV(RAND(),MV3,Sigma2),MIN(MaxMultiple,Xm/(1-RAND())^(1/Alpha))))) -> 0 | Q19: =IF(RAND()<P_Zero,0,IF(RAND()<CondReturn,_xlfn.LOGNORM.INV(RAND(),MV2,Sigma1),IF(RAND()<CondGood,_xlfn.LOGNORM.INV(RAND(),MV3,Sigma2),MIN(MaxMultiple,Xm/(1-RAND())^(1/Alpha))))) -> 0 | R19: =IF(RAND()<P_Zero,0,IF(RAND()<CondReturn,_xlfn.LOGNORM.INV(RAND(),MV2,Sigma1),IF(RAND()<CondGood,_xlfn.LOGNORM.INV(RAND(),MV3,Sigma2),MIN(MaxMultiple,Xm/(1-RAND())^(1/Alpha))))) -> 0 | S19: =IF(RAND()<P_Zero,0,IF(RAND()<CondReturn,_xlfn.LOGNORM.INV(RAND(),MV2,Sigma1),IF(RAND()<CondGood,_xlfn.LOGNORM.INV(RAND(),MV3,Sigma2),MIN(MaxMultiple,Xm/(1-RAND())^(1/Alpha))))) -> 0.72995173 | T19: =IF(RAND()<P_Zero,0,IF(RAND()<CondReturn,_xlfn.LOGNORM.INV(RAND(),MV2,Sigma1),IF(RAND()<CondGood,_xlfn.LOGNORM.INV(RAND(),MV3,Sigma2),MIN(MaxMultiple,Xm/(1-RAND())^(1/Alpha))))) -> 1.0977721 | U19: =IF(RAND()<P_Zero,0,IF(RAND()<CondReturn,_xlfn.LOGNORM.INV(RAND(),MV2,Sigma1),IF(RAND()<CondGood,_xlfn.LOGNORM.INV(RAND(),MV3,Sigma2),MIN(MaxMultiple,Xm/(1-RAND())^(1/Alpha))))) -> 0.8054404 | V19: =IF(RAND()<P_Zero,0,IF(RAND()<CondReturn,_xlfn.LOGNORM.INV(RAND(),MV2,Sigma1),IF(RAND()<CondGood,_xlfn.LOGNORM.INV(RAND(),MV3,Sigma2),MIN(MaxMultiple,Xm/(1-RAND())^(1/Alpha))))) -> 4.8340997 | W19: =IF(RAND()<P_Zero,0,IF(RAND()<CondReturn,_xlfn.LOGNORM.INV(RAND(),MV2,Sigma1),IF(RAND()<CondGood,_xlfn.LOGNORM.INV(RAND(),MV3,Sigma2),MIN(MaxMultiple,Xm/(1-RAND())^(1/Alpha))))) -> 0.8809198 | X19: =IF(RAND()<P_Zero,0,IF(RAND()<CondReturn,_xlfn.LOGNORM.INV(RAND(),MV2,Sigma1),IF(RAND()<CondGood,_xlfn.LOGNORM.INV(RAND(),MV3,Sigma2),MIN(MaxMultiple,Xm/(1-RAND())^(1/Alpha))))) -> 0.49369465 | Y19: =IF(RAND()<P_Zero,0,IF(RAND()<CondReturn,_xlfn.LOGNORM.INV(RAND(),MV2,Sigma1),IF(RAND()<CondGood,_xlfn.LOGNORM.INV(RAND(),MV3,Sigma2),MIN(MaxMultiple,Xm/(1-RAND())^(1/Alpha))))) -> 1.5460449 | Z19: =IF(RAND()<P_Zero,0,IF(RAND()<CondReturn,_xlfn.LOGNORM.INV(RAND(),MV2,Sigma1),IF(RAND()<CondGood,_xlfn.LOGNORM.INV(RAND(),MV3,Sigma2),MIN(MaxMultiple,Xm/(1-RAND())^(1/Alpha))))) -> 0 | AA19: =IF(RAND()<P_Zero,0,IF(RAND()<CondReturn,_xlfn.LOGNORM.INV(RAND(),MV2,Sigma1),IF(RAND()<CondGood,_xlfn.LOGNORM.INV(RAND(),MV3,Sigma2),MIN(MaxMultiple,Xm/(1-RAND())^(1/Alpha))))) -> 1.1867866 | AB19: =AVERAGE(C19:AA19) -> 4.103735 | AC19: =AB19*InvestableCapital -> 1.9697928e+08 | AD19: =AC19-InvestableCapital -> 1.4897928e+08 | AE19: =HurdleToggle*InvestableCapital*((1+HurdleRate)^FeeYears-1) -> 55628400 | AF19: =MAX(0,AD19-AE19) -> 93350881 | AG19: =CarryRate*AF19 -> 18670176 | AH19: =AC19-AG19 -> 1.783091e+08 | AI19: =AH19/FundSize -> 2.9718184
B20: 15 | C20: =IF(RAND()<P_Zero,0,IF(RAND()<CondReturn,_xlfn.LOGNORM.INV(RAND(),MV2,Sigma1),IF(RAND()<CondGood,_xlfn.LOGNORM.INV(RAND(),MV3,Sigma2),MIN(MaxMultiple,Xm/(1-RAND())^(1/Alpha))))) -> 10.161803 | D20: =IF(RAND()<P_Zero,0,IF(RAND()<CondReturn,_xlfn.LOGNORM.INV(RAND(),MV2,Sigma1),IF(RAND()<CondGood,_xlfn.LOGNORM.INV(RAND(),MV3,Sigma2),MIN(MaxMultiple,Xm/(1-RAND())^(1/Alpha))))) -> 0 | E20: =IF(RAND()<P_Zero,0,IF(RAND()<CondReturn,_xlfn.LOGNORM.INV(RAND(),MV2,Sigma1),IF(RAND()<CondGood,_xlfn.LOGNORM.INV(RAND(),MV3,Sigma2),MIN(MaxMultiple,Xm/(1-RAND())^(1/Alpha))))) -> 0 | F20: =IF(RAND()<P_Zero,0,IF(RAND()<CondReturn,_xlfn.LOGNORM.INV(RAND(),MV2,Sigma1),IF(RAND()<CondGood,_xlfn.LOGNORM.INV(RAND(),MV3,Sigma2),MIN(MaxMultiple,Xm/(1-RAND())^(1/Alpha))))) -> 0 | G20: =IF(RAND()<P_Zero,0,IF(RAND()<CondReturn,_xlfn.LOGNORM.INV(RAND(),MV2,Sigma1),IF(RAND()<CondGood,_xlfn.LOGNORM.INV(RAND(),MV3,Sigma2),MIN(MaxMultiple,Xm/(1-RAND())^(1/Alpha))))) -> 0.60103164 | H20: =IF(RAND()<P_Zero,0,IF(RAND()<CondReturn,_xlfn.LOGNORM.INV(RAND(),MV2,Sigma1),IF(RAND()<CondGood,_xlfn.LOGNORM.INV(RAND(),MV3,Sigma2),MIN(MaxMultiple,Xm/(1-RAND())^(1/Alpha))))) -> 11.563824 | I20: =IF(RAND()<P_Zero,0,IF(RAND()<CondReturn,_xlfn.LOGNORM.INV(RAND(),MV2,Sigma1),IF(RAND()<CondGood,_xlfn.LOGNORM.INV(RAND(),MV3,Sigma2),MIN(MaxMultiple,Xm/(1-RAND())^(1/Alpha))))) -> 1.0121726 | J20: =IF(RAND()<P_Zero,0,IF(RAND()<CondReturn,_xlfn.LOGNORM.INV(RAND(),MV2,Sigma1),IF(RAND()<CondGood,_xlfn.LOGNORM.INV(RAND(),MV3,Sigma2),MIN(MaxMultiple,Xm/(1-RAND())^(1/Alpha))))) -> 0 | K20: =IF(RAND()<P_Zero,0,IF(RAND()<CondReturn,_xlfn.LOGNORM.INV(RAND(),MV2,Sigma1),IF(RAND()<CondGood,_xlfn.LOGNORM.INV(RAND(),MV3,Sigma2),MIN(MaxMultiple,Xm/(1-RAND())^(1/Alpha))))) -> 0 | L20: =IF(RAND()<P_Zero,0,IF(RAND()<CondReturn,_xlfn.LOGNORM.INV(RAND(),MV2,Sigma1),IF(RAND()<CondGood,_xlfn.LOGNORM.INV(RAND(),MV3,Sigma2),MIN(MaxMultiple,Xm/(1-RAND())^(1/Alpha))))) -> 2.6478838 | M20: =IF(RAND()<P_Zero,0,IF(RAND()<CondReturn,_xlfn.LOGNORM.INV(RAND(),MV2,Sigma1),IF(RAND()<CondGood,_xlfn.LOGNORM.INV(RAND(),MV3,Sigma2),MIN(MaxMultiple,Xm/(1-RAND())^(1/Alpha))))) -> 0 | N20: =IF(RAND()<P_Zero,0,IF(RAND()<CondReturn,_xlfn.LOGNORM.INV(RAND(),MV2,Sigma1),IF(RAND()<CondGood,_xlfn.LOGNORM.INV(RAND(),MV3,Sigma2),MIN(MaxMultiple,Xm/(1-RAND())^(1/Alpha))))) -> 0 | O20: =IF(RAND()<P_Zero,0,IF(RAND()<CondReturn,_xlfn.LOGNORM.INV(RAND(),MV2,Sigma1),IF(RAND()<CondGood,_xlfn.LOGNORM.INV(RAND(),MV3,Sigma2),MIN(MaxMultiple,Xm/(1-RAND())^(1/Alpha))))) -> 0 | P20: =IF(RAND()<P_Zero,0,IF(RAND()<CondReturn,_xlfn.LOGNORM.INV(RAND(),MV2,Sigma1),IF(RAND()<CondGood,_xlfn.LOGNORM.INV(RAND(),MV3,Sigma2),MIN(MaxMultiple,Xm/(1-RAND())^(1/Alpha))))) -> 0 | Q20: =IF(RAND()<P_Zero,0,IF(RAND()<CondReturn,_xlfn.LOGNORM.INV(RAND(),MV2,Sigma1),IF(RAND()<CondGood,_xlfn.LOGNORM.INV(RAND(),MV3,Sigma2),MIN(MaxMultiple,Xm/(1-RAND())^(1/Alpha))))) -> 0 | R20: =IF(RAND()<P_Zero,0,IF(RAND()<CondReturn,_xlfn.LOGNORM.INV(RAND(),MV2,Sigma1),IF(RAND()<CondGood,_xlfn.LOGNORM.INV(RAND(),MV3,Sigma2),MIN(MaxMultiple,Xm/(1-RAND())^(1/Alpha))))) -> 0.52508682 | S20: =IF(RAND()<P_Zero,0,IF(RAND()<CondReturn,_xlfn.LOGNORM.INV(RAND(),MV2,Sigma1),IF(RAND()<CondGood,_xlfn.LOGNORM.INV(RAND(),MV3,Sigma2),MIN(MaxMultiple,Xm/(1-RAND())^(1/Alpha))))) -> 0.92932011 | T20: =IF(RAND()<P_Zero,0,IF(RAND()<CondReturn,_xlfn.LOGNORM.INV(RAND(),MV2,Sigma1),IF(RAND()<CondGood,_xlfn.LOGNORM.INV(RAND(),MV3,Sigma2),MIN(MaxMultiple,Xm/(1-RAND())^(1/Alpha))))) -> 0 | U20: =IF(RAND()<P_Zero,0,IF(RAND()<CondReturn,_xlfn.LOGNORM.INV(RAND(),MV2,Sigma1),IF(RAND()<CondGood,_xlfn.LOGNORM.INV(RAND(),MV3,Sigma2),MIN(MaxMultiple,Xm/(1-RAND())^(1/Alpha))))) -> 1.6027033 | V20: =IF(RAND()<P_Zero,0,IF(RAND()<CondReturn,_xlfn.LOGNORM.INV(RAND(),MV2,Sigma1),IF(RAND()<CondGood,_xlfn.LOGNORM.INV(RAND(),MV3,Sigma2),MIN(MaxMultiple,Xm/(1-RAND())^(1/Alpha))))) -> 0 | W20: =IF(RAND()<P_Zero,0,IF(RAND()<CondReturn,_xlfn.LOGNORM.INV(RAND(),MV2,Sigma1),IF(RAND()<CondGood,_xlfn.LOGNORM.INV(RAND(),MV3,Sigma2),MIN(MaxMultiple,Xm/(1-RAND())^(1/Alpha))))) -> 0 | X20: =IF(RAND()<P_Zero,0,IF(RAND()<CondReturn,_xlfn.LOGNORM.INV(RAND(),MV2,Sigma1),IF(RAND()<CondGood,_xlfn.LOGNORM.INV(RAND(),MV3,Sigma2),MIN(MaxMultiple,Xm/(1-RAND())^(1/Alpha))))) -> 0.76330683 | Y20: =IF(RAND()<P_Zero,0,IF(RAND()<CondReturn,_xlfn.LOGNORM.INV(RAND(),MV2,Sigma1),IF(RAND()<CondGood,_xlfn.LOGNORM.INV(RAND(),MV3,Sigma2),MIN(MaxMultiple,Xm/(1-RAND())^(1/Alpha))))) -> 0.90132429 | Z20: =IF(RAND()<P_Zero,0,IF(RAND()<CondReturn,_xlfn.LOGNORM.INV(RAND(),MV2,Sigma1),IF(RAND()<CondGood,_xlfn.LOGNORM.INV(RAND(),MV3,Sigma2),MIN(MaxMultiple,Xm/(1-RAND())^(1/Alpha))))) -> 0.91987748 | AA20: =IF(RAND()<P_Zero,0,IF(RAND()<CondReturn,_xlfn.LOGNORM.INV(RAND(),MV2,Sigma1),IF(RAND()<CondGood,_xlfn.LOGNORM.INV(RAND(),MV3,Sigma2),MIN(MaxMultiple,Xm/(1-RAND())^(1/Alpha))))) -> 2.9564403 | AB20: =AVERAGE(C20:AA20) -> 1.383391 | AC20: =AB20*InvestableCapital -> 66402766 | AD20: =AC20-InvestableCapital -> 18402766 | AE20: =HurdleToggle*InvestableCapital*((1+HurdleRate)^FeeYears-1) -> 55628400 | AF20: =MAX(0,AD20-AE20) -> 0 | AG20: =CarryRate*AF20 -> 0 | AH20: =AC20-AG20 -> 66402766 | AI20: =AH20/FundSize -> 1.1067128
B21: 16 | C21: =IF(RAND()<P_Zero,0,IF(RAND()<CondReturn,_xlfn.LOGNORM.INV(RAND(),MV2,Sigma1),IF(RAND()<CondGood,_xlfn.LOGNORM.INV(RAND(),MV3,Sigma2),MIN(MaxMultiple,Xm/(1-RAND())^(1/Alpha))))) -> 3.3649979 | D21: =IF(RAND()<P_Zero,0,IF(RAND()<CondReturn,_xlfn.LOGNORM.INV(RAND(),MV2,Sigma1),IF(RAND()<CondGood,_xlfn.LOGNORM.INV(RAND(),MV3,Sigma2),MIN(MaxMultiple,Xm/(1-RAND())^(1/Alpha))))) -> 0.34689197 | E21: =IF(RAND()<P_Zero,0,IF(RAND()<CondReturn,_xlfn.LOGNORM.INV(RAND(),MV2,Sigma1),IF(RAND()<CondGood,_xlfn.LOGNORM.INV(RAND(),MV3,Sigma2),MIN(MaxMultiple,Xm/(1-RAND())^(1/Alpha))))) -> 0 | F21: =IF(RAND()<P_Zero,0,IF(RAND()<CondReturn,_xlfn.LOGNORM.INV(RAND(),MV2,Sigma1),IF(RAND()<CondGood,_xlfn.LOGNORM.INV(RAND(),MV3,Sigma2),MIN(MaxMultiple,Xm/(1-RAND())^(1/Alpha))))) -> 0.97703024 | G21: =IF(RAND()<P_Zero,0,IF(RAND()<CondReturn,_xlfn.LOGNORM.INV(RAND(),MV2,Sigma1),IF(RAND()<CondGood,_xlfn.LOGNORM.INV(RAND(),MV3,Sigma2),MIN(MaxMultiple,Xm/(1-RAND())^(1/Alpha))))) -> 1.6541979 | H21: =IF(RAND()<P_Zero,0,IF(RAND()<CondReturn,_xlfn.LOGNORM.INV(RAND(),MV2,Sigma1),IF(RAND()<CondGood,_xlfn.LOGNORM.INV(RAND(),MV3,Sigma2),MIN(MaxMultiple,Xm/(1-RAND())^(1/Alpha))))) -> 0 | I21: =IF(RAND()<P_Zero,0,IF(RAND()<CondReturn,_xlfn.LOGNORM.INV(RAND(),MV2,Sigma1),IF(RAND()<CondGood,_xlfn.LOGNORM.INV(RAND(),MV3,Sigma2),MIN(MaxMultiple,Xm/(1-RAND())^(1/Alpha))))) -> 1.7852533 | J21: =IF(RAND()<P_Zero,0,IF(RAND()<CondReturn,_xlfn.LOGNORM.INV(RAND(),MV2,Sigma1),IF(RAND()<CondGood,_xlfn.LOGNORM.INV(RAND(),MV3,Sigma2),MIN(MaxMultiple,Xm/(1-RAND())^(1/Alpha))))) -> 1.0302416 | K21: =IF(RAND()<P_Zero,0,IF(RAND()<CondReturn,_xlfn.LOGNORM.INV(RAND(),MV2,Sigma1),IF(RAND()<CondGood,_xlfn.LOGNORM.INV(RAND(),MV3,Sigma2),MIN(MaxMultiple,Xm/(1-RAND())^(1/Alpha))))) -> 0.51889511 | L21: =IF(RAND()<P_Zero,0,IF(RAND()<CondReturn,_xlfn.LOGNORM.INV(RAND(),MV2,Sigma1),IF(RAND()<CondGood,_xlfn.LOGNORM.INV(RAND(),MV3,Sigma2),MIN(MaxMultiple,Xm/(1-RAND())^(1/Alpha))))) -> 0 | M21: =IF(RAND()<P_Zero,0,IF(RAND()<CondReturn,_xlfn.LOGNORM.INV(RAND(),MV2,Sigma1),IF(RAND()<CondGood,_xlfn.LOGNORM.INV(RAND(),MV3,Sigma2),MIN(MaxMultiple,Xm/(1-RAND())^(1/Alpha))))) -> 0.72631217 | N21: =IF(RAND()<P_Zero,0,IF(RAND()<CondReturn,_xlfn.LOGNORM.INV(RAND(),MV2,Sigma1),IF(RAND()<CondGood,_xlfn.LOGNORM.INV(RAND(),MV3,Sigma2),MIN(MaxMultiple,Xm/(1-RAND())^(1/Alpha))))) -> 0 | O21: =IF(RAND()<P_Zero,0,IF(RAND()<CondReturn,_xlfn.LOGNORM.INV(RAND(),MV2,Sigma1),IF(RAND()<CondGood,_xlfn.LOGNORM.INV(RAND(),MV3,Sigma2),MIN(MaxMultiple,Xm/(1-RAND())^(1/Alpha))))) -> 0 | P21: =IF(RAND()<P_Zero,0,IF(RAND()<CondReturn,_xlfn.LOGNORM.INV(RAND(),MV2,Sigma1),IF(RAND()<CondGood,_xlfn.LOGNORM.INV(RAND(),MV3,Sigma2),MIN(MaxMultiple,Xm/(1-RAND())^(1/Alpha))))) -> 0.82366272 | Q21: =IF(RAND()<P_Zero,0,IF(RAND()<CondReturn,_xlfn.LOGNORM.INV(RAND(),MV2,Sigma1),IF(RAND()<CondGood,_xlfn.LOGNORM.INV(RAND(),MV3,Sigma2),MIN(MaxMultiple,Xm/(1-RAND())^(1/Alpha))))) -> 0 | R21: =IF(RAND()<P_Zero,0,IF(RAND()<CondReturn,_xlfn.LOGNORM.INV(RAND(),MV2,Sigma1),IF(RAND()<CondGood,_xlfn.LOGNORM.INV(RAND(),MV3,Sigma2),MIN(MaxMultiple,Xm/(1-RAND())^(1/Alpha))))) -> 0 | S21: =IF(RAND()<P_Zero,0,IF(RAND()<CondReturn,_xlfn.LOGNORM.INV(RAND(),MV2,Sigma1),IF(RAND()<CondGood,_xlfn.LOGNORM.INV(RAND(),MV3,Sigma2),MIN(MaxMultiple,Xm/(1-RAND())^(1/Alpha))))) -> 0 | T21: =IF(RAND()<P_Zero,0,IF(RAND()<CondReturn,_xlfn.LOGNORM.INV(RAND(),MV2,Sigma1),IF(RAND()<CondGood,_xlfn.LOGNORM.INV(RAND(),MV3,Sigma2),MIN(MaxMultiple,Xm/(1-RAND())^(1/Alpha))))) -> 1.7107006 | U21: =IF(RAND()<P_Zero,0,IF(RAND()<CondReturn,_xlfn.LOGNORM.INV(RAND(),MV2,Sigma1),IF(RAND()<CondGood,_xlfn.LOGNORM.INV(RAND(),MV3,Sigma2),MIN(MaxMultiple,Xm/(1-RAND())^(1/Alpha))))) -> 0 | V21: =IF(RAND()<P_Zero,0,IF(RAND()<CondReturn,_xlfn.LOGNORM.INV(RAND(),MV2,Sigma1),IF(RAND()<CondGood,_xlfn.LOGNORM.INV(RAND(),MV3,Sigma2),MIN(MaxMultiple,Xm/(1-RAND())^(1/Alpha))))) -> 10.202589 | W21: =IF(RAND()<P_Zero,0,IF(RAND()<CondReturn,_xlfn.LOGNORM.INV(RAND(),MV2,Sigma1),IF(RAND()<CondGood,_xlfn.LOGNORM.INV(RAND(),MV3,Sigma2),MIN(MaxMultiple,Xm/(1-RAND())^(1/Alpha))))) -> 0 | X21: =IF(RAND()<P_Zero,0,IF(RAND()<CondReturn,_xlfn.LOGNORM.INV(RAND(),MV2,Sigma1),IF(RAND()<CondGood,_xlfn.LOGNORM.INV(RAND(),MV3,Sigma2),MIN(MaxMultiple,Xm/(1-RAND())^(1/Alpha))))) -> 0.82186831 | Y21: =IF(RAND()<P_Zero,0,IF(RAND()<CondReturn,_xlfn.LOGNORM.INV(RAND(),MV2,Sigma1),IF(RAND()<CondGood,_xlfn.LOGNORM.INV(RAND(),MV3,Sigma2),MIN(MaxMultiple,Xm/(1-RAND())^(1/Alpha))))) -> 0.68073804 | Z21: =IF(RAND()<P_Zero,0,IF(RAND()<CondReturn,_xlfn.LOGNORM.INV(RAND(),MV2,Sigma1),IF(RAND()<CondGood,_xlfn.LOGNORM.INV(RAND(),MV3,Sigma2),MIN(MaxMultiple,Xm/(1-RAND())^(1/Alpha))))) -> 1.5467525 | AA21: =IF(RAND()<P_Zero,0,IF(RAND()<CondReturn,_xlfn.LOGNORM.INV(RAND(),MV2,Sigma1),IF(RAND()<CondGood,_xlfn.LOGNORM.INV(RAND(),MV3,Sigma2),MIN(MaxMultiple,Xm/(1-RAND())^(1/Alpha))))) -> 0 | AB21: =AVERAGE(C21:AA21) -> 1.0476053 | AC21: =AB21*InvestableCapital -> 50285052 | AD21: =AC21-InvestableCapital -> 2285052.5 | AE21: =HurdleToggle*InvestableCapital*((1+HurdleRate)^FeeYears-1) -> 55628400 | AF21: =MAX(0,AD21-AE21) -> 0 | AG21: =CarryRate*AF21 -> 0 | AH21: =AC21-AG21 -> 50285052 | AI21: =AH21/FundSize -> 0.83808421
B22: 17 | C22: =IF(RAND()<P_Zero,0,IF(RAND()<CondReturn,_xlfn.LOGNORM.INV(RAND(),MV2,Sigma1),IF(RAND()<CondGood,_xlfn.LOGNORM.INV(RAND(),MV3,Sigma2),MIN(MaxMultiple,Xm/(1-RAND())^(1/Alpha))))) -> 0 | D22: =IF(RAND()<P_Zero,0,IF(RAND()<CondReturn,_xlfn.LOGNORM.INV(RAND(),MV2,Sigma1),IF(RAND()<CondGood,_xlfn.LOGNORM.INV(RAND(),MV3,Sigma2),MIN(MaxMultiple,Xm/(1-RAND())^(1/Alpha))))) -> 0.43066093 | E22: =IF(RAND()<P_Zero,0,IF(RAND()<CondReturn,_xlfn.LOGNORM.INV(RAND(),MV2,Sigma1),IF(RAND()<CondGood,_xlfn.LOGNORM.INV(RAND(),MV3,Sigma2),MIN(MaxMultiple,Xm/(1-RAND())^(1/Alpha))))) -> 2.1162397 | F22: =IF(RAND()<P_Zero,0,IF(RAND()<CondReturn,_xlfn.LOGNORM.INV(RAND(),MV2,Sigma1),IF(RAND()<CondGood,_xlfn.LOGNORM.INV(RAND(),MV3,Sigma2),MIN(MaxMultiple,Xm/(1-RAND())^(1/Alpha))))) -> 0.98556469 | G22: =IF(RAND()<P_Zero,0,IF(RAND()<CondReturn,_xlfn.LOGNORM.INV(RAND(),MV2,Sigma1),IF(RAND()<CondGood,_xlfn.LOGNORM.INV(RAND(),MV3,Sigma2),MIN(MaxMultiple,Xm/(1-RAND())^(1/Alpha))))) -> 1.8471236 | H22: =IF(RAND()<P_Zero,0,IF(RAND()<CondReturn,_xlfn.LOGNORM.INV(RAND(),MV2,Sigma1),IF(RAND()<CondGood,_xlfn.LOGNORM.INV(RAND(),MV3,Sigma2),MIN(MaxMultiple,Xm/(1-RAND())^(1/Alpha))))) -> 0.61149298 | I22: =IF(RAND()<P_Zero,0,IF(RAND()<CondReturn,_xlfn.LOGNORM.INV(RAND(),MV2,Sigma1),IF(RAND()<CondGood,_xlfn.LOGNORM.INV(RAND(),MV3,Sigma2),MIN(MaxMultiple,Xm/(1-RAND())^(1/Alpha))))) -> 0 | J22: =IF(RAND()<P_Zero,0,IF(RAND()<CondReturn,_xlfn.LOGNORM.INV(RAND(),MV2,Sigma1),IF(RAND()<CondGood,_xlfn.LOGNORM.INV(RAND(),MV3,Sigma2),MIN(MaxMultiple,Xm/(1-RAND())^(1/Alpha))))) -> 1.5494811 | K22: =IF(RAND()<P_Zero,0,IF(RAND()<CondReturn,_xlfn.LOGNORM.INV(RAND(),MV2,Sigma1),IF(RAND()<CondGood,_xlfn.LOGNORM.INV(RAND(),MV3,Sigma2),MIN(MaxMultiple,Xm/(1-RAND())^(1/Alpha))))) -> 0.98364392 | L22: =IF(RAND()<P_Zero,0,IF(RAND()<CondReturn,_xlfn.LOGNORM.INV(RAND(),MV2,Sigma1),IF(RAND()<CondGood,_xlfn.LOGNORM.INV(RAND(),MV3,Sigma2),MIN(MaxMultiple,Xm/(1-RAND())^(1/Alpha))))) -> 0 | M22: =IF(RAND()<P_Zero,0,IF(RAND()<CondReturn,_xlfn.LOGNORM.INV(RAND(),MV2,Sigma1),IF(RAND()<CondGood,_xlfn.LOGNORM.INV(RAND(),MV3,Sigma2),MIN(MaxMultiple,Xm/(1-RAND())^(1/Alpha))))) -> 0.38493923 | N22: =IF(RAND()<P_Zero,0,IF(RAND()<CondReturn,_xlfn.LOGNORM.INV(RAND(),MV2,Sigma1),IF(RAND()<CondGood,_xlfn.LOGNORM.INV(RAND(),MV3,Sigma2),MIN(MaxMultiple,Xm/(1-RAND())^(1/Alpha))))) -> 0 | O22: =IF(RAND()<P_Zero,0,IF(RAND()<CondReturn,_xlfn.LOGNORM.INV(RAND(),MV2,Sigma1),IF(RAND()<CondGood,_xlfn.LOGNORM.INV(RAND(),MV3,Sigma2),MIN(MaxMultiple,Xm/(1-RAND())^(1/Alpha))))) -> 0 | P22: =IF(RAND()<P_Zero,0,IF(RAND()<CondReturn,_xlfn.LOGNORM.INV(RAND(),MV2,Sigma1),IF(RAND()<CondGood,_xlfn.LOGNORM.INV(RAND(),MV3,Sigma2),MIN(MaxMultiple,Xm/(1-RAND())^(1/Alpha))))) -> 0 | Q22: =IF(RAND()<P_Zero,0,IF(RAND()<CondReturn,_xlfn.LOGNORM.INV(RAND(),MV2,Sigma1),IF(RAND()<CondGood,_xlfn.LOGNORM.INV(RAND(),MV3,Sigma2),MIN(MaxMultiple,Xm/(1-RAND())^(1/Alpha))))) -> 0.90464509 | R22: =IF(RAND()<P_Zero,0,IF(RAND()<CondReturn,_xlfn.LOGNORM.INV(RAND(),MV2,Sigma1),IF(RAND()<CondGood,_xlfn.LOGNORM.INV(RAND(),MV3,Sigma2),MIN(MaxMultiple,Xm/(1-RAND())^(1/Alpha))))) -> 0 | S22: =IF(RAND()<P_Zero,0,IF(RAND()<CondReturn,_xlfn.LOGNORM.INV(RAND(),MV2,Sigma1),IF(RAND()<CondGood,_xlfn.LOGNORM.INV(RAND(),MV3,Sigma2),MIN(MaxMultiple,Xm/(1-RAND())^(1/Alpha))))) -> 0.9709188 | T22: =IF(RAND()<P_Zero,0,IF(RAND()<CondReturn,_xlfn.LOGNORM.INV(RAND(),MV2,Sigma1),IF(RAND()<CondGood,_xlfn.LOGNORM.INV(RAND(),MV3,Sigma2),MIN(MaxMultiple,Xm/(1-RAND())^(1/Alpha))))) -> 0.44832868 | U22: =IF(RAND()<P_Zero,0,IF(RAND()<CondReturn,_xlfn.LOGNORM.INV(RAND(),MV2,Sigma1),IF(RAND()<CondGood,_xlfn.LOGNORM.INV(RAND(),MV3,Sigma2),MIN(MaxMultiple,Xm/(1-RAND())^(1/Alpha))))) -> 0.69108599 | V22: =IF(RAND()<P_Zero,0,IF(RAND()<CondReturn,_xlfn.LOGNORM.INV(RAND(),MV2,Sigma1),IF(RAND()<CondGood,_xlfn.LOGNORM.INV(RAND(),MV3,Sigma2),MIN(MaxMultiple,Xm/(1-RAND())^(1/Alpha))))) -> 1.137744 | W22: =IF(RAND()<P_Zero,0,IF(RAND()<CondReturn,_xlfn.LOGNORM.INV(RAND(),MV2,Sigma1),IF(RAND()<CondGood,_xlfn.LOGNORM.INV(RAND(),MV3,Sigma2),MIN(MaxMultiple,Xm/(1-RAND())^(1/Alpha))))) -> 0.70116349 | X22: =IF(RAND()<P_Zero,0,IF(RAND()<CondReturn,_xlfn.LOGNORM.INV(RAND(),MV2,Sigma1),IF(RAND()<CondGood,_xlfn.LOGNORM.INV(RAND(),MV3,Sigma2),MIN(MaxMultiple,Xm/(1-RAND())^(1/Alpha))))) -> 0 | Y22: =IF(RAND()<P_Zero,0,IF(RAND()<CondReturn,_xlfn.LOGNORM.INV(RAND(),MV2,Sigma1),IF(RAND()<CondGood,_xlfn.LOGNORM.INV(RAND(),MV3,Sigma2),MIN(MaxMultiple,Xm/(1-RAND())^(1/Alpha))))) -> 0 | Z22: =IF(RAND()<P_Zero,0,IF(RAND()<CondReturn,_xlfn.LOGNORM.INV(RAND(),MV2,Sigma1),IF(RAND()<CondGood,_xlfn.LOGNORM.INV(RAND(),MV3,Sigma2),MIN(MaxMultiple,Xm/(1-RAND())^(1/Alpha))))) -> 0 | AA22: =IF(RAND()<P_Zero,0,IF(RAND()<CondReturn,_xlfn.LOGNORM.INV(RAND(),MV2,Sigma1),IF(RAND()<CondGood,_xlfn.LOGNORM.INV(RAND(),MV3,Sigma2),MIN(MaxMultiple,Xm/(1-RAND())^(1/Alpha))))) -> 0.8499508 | AB22: =AVERAGE(C22:AA22) -> 0.58451932 | AC22: =AB22*InvestableCapital -> 28056927 | AD22: =AC22-InvestableCapital -> -19943073 | AE22: =HurdleToggle*InvestableCapital*((1+HurdleRate)^FeeYears-1) -> 55628400 | AF22: =MAX(0,AD22-AE22) -> 0 | AG22: =CarryRate*AF22 -> 0 | AH22: =AC22-AG22 -> 28056927 | AI22: =AH22/FundSize -> 0.46761545
B23: 18 | C23: =IF(RAND()<P_Zero,0,IF(RAND()<CondReturn,_xlfn.LOGNORM.INV(RAND(),MV2,Sigma1),IF(RAND()<CondGood,_xlfn.LOGNORM.INV(RAND(),MV3,Sigma2),MIN(MaxMultiple,Xm/(1-RAND())^(1/Alpha))))) -> 0 | D23: =IF(RAND()<P_Zero,0,IF(RAND()<CondReturn,_xlfn.LOGNORM.INV(RAND(),MV2,Sigma1),IF(RAND()<CondGood,_xlfn.LOGNORM.INV(RAND(),MV3,Sigma2),MIN(MaxMultiple,Xm/(1-RAND())^(1/Alpha))))) -> 0 | E23: =IF(RAND()<P_Zero,0,IF(RAND()<CondReturn,_xlfn.LOGNORM.INV(RAND(),MV2,Sigma1),IF(RAND()<CondGood,_xlfn.LOGNORM.INV(RAND(),MV3,Sigma2),MIN(MaxMultiple,Xm/(1-RAND())^(1/Alpha))))) -> 1.8605559 | F23: =IF(RAND()<P_Zero,0,IF(RAND()<CondReturn,_xlfn.LOGNORM.INV(RAND(),MV2,Sigma1),IF(RAND()<CondGood,_xlfn.LOGNORM.INV(RAND(),MV3,Sigma2),MIN(MaxMultiple,Xm/(1-RAND())^(1/Alpha))))) -> 1.2543921 | G23: =IF(RAND()<P_Zero,0,IF(RAND()<CondReturn,_xlfn.LOGNORM.INV(RAND(),MV2,Sigma1),IF(RAND()<CondGood,_xlfn.LOGNORM.INV(RAND(),MV3,Sigma2),MIN(MaxMultiple,Xm/(1-RAND())^(1/Alpha))))) -> 0.74501668 | H23: =IF(RAND()<P_Zero,0,IF(RAND()<CondReturn,_xlfn.LOGNORM.INV(RAND(),MV2,Sigma1),IF(RAND()<CondGood,_xlfn.LOGNORM.INV(RAND(),MV3,Sigma2),MIN(MaxMultiple,Xm/(1-RAND())^(1/Alpha))))) -> 0 | I23: =IF(RAND()<P_Zero,0,IF(RAND()<CondReturn,_xlfn.LOGNORM.INV(RAND(),MV2,Sigma1),IF(RAND()<CondGood,_xlfn.LOGNORM.INV(RAND(),MV3,Sigma2),MIN(MaxMultiple,Xm/(1-RAND())^(1/Alpha))))) -> 0 | J23: =IF(RAND()<P_Zero,0,IF(RAND()<CondReturn,_xlfn.LOGNORM.INV(RAND(),MV2,Sigma1),IF(RAND()<CondGood,_xlfn.LOGNORM.INV(RAND(),MV3,Sigma2),MIN(MaxMultiple,Xm/(1-RAND())^(1/Alpha))))) -> 0.64020417 | K23: =IF(RAND()<P_Zero,0,IF(RAND()<CondReturn,_xlfn.LOGNORM.INV(RAND(),MV2,Sigma1),IF(RAND()<CondGood,_xlfn.LOGNORM.INV(RAND(),MV3,Sigma2),MIN(MaxMultiple,Xm/(1-RAND())^(1/Alpha))))) -> 0.47051332 | L23: =IF(RAND()<P_Zero,0,IF(RAND()<CondReturn,_xlfn.LOGNORM.INV(RAND(),MV2,Sigma1),IF(RAND()<CondGood,_xlfn.LOGNORM.INV(RAND(),MV3,Sigma2),MIN(MaxMultiple,Xm/(1-RAND())^(1/Alpha))))) -> 0 | M23: =IF(RAND()<P_Zero,0,IF(RAND()<CondReturn,_xlfn.LOGNORM.INV(RAND(),MV2,Sigma1),IF(RAND()<CondGood,_xlfn.LOGNORM.INV(RAND(),MV3,Sigma2),MIN(MaxMultiple,Xm/(1-RAND())^(1/Alpha))))) -> 0 | N23: =IF(RAND()<P_Zero,0,IF(RAND()<CondReturn,_xlfn.LOGNORM.INV(RAND(),MV2,Sigma1),IF(RAND()<CondGood,_xlfn.LOGNORM.INV(RAND(),MV3,Sigma2),MIN(MaxMultiple,Xm/(1-RAND())^(1/Alpha))))) -> 0 | O23: =IF(RAND()<P_Zero,0,IF(RAND()<CondReturn,_xlfn.LOGNORM.INV(RAND(),MV2,Sigma1),IF(RAND()<CondGood,_xlfn.LOGNORM.INV(RAND(),MV3,Sigma2),MIN(MaxMultiple,Xm/(1-RAND())^(1/Alpha))))) -> 12.100153 | P23: =IF(RAND()<P_Zero,0,IF(RAND()<CondReturn,_xlfn.LOGNORM.INV(RAND(),MV2,Sigma1),IF(RAND()<CondGood,_xlfn.LOGNORM.INV(RAND(),MV3,Sigma2),MIN(MaxMultiple,Xm/(1-RAND())^(1/Alpha))))) -> 1.0433458 | Q23: =IF(RAND()<P_Zero,0,IF(RAND()<CondReturn,_xlfn.LOGNORM.INV(RAND(),MV2,Sigma1),IF(RAND()<CondGood,_xlfn.LOGNORM.INV(RAND(),MV3,Sigma2),MIN(MaxMultiple,Xm/(1-RAND())^(1/Alpha))))) -> 0.83387285 | R23: =IF(RAND()<P_Zero,0,IF(RAND()<CondReturn,_xlfn.LOGNORM.INV(RAND(),MV2,Sigma1),IF(RAND()<CondGood,_xlfn.LOGNORM.INV(RAND(),MV3,Sigma2),MIN(MaxMultiple,Xm/(1-RAND())^(1/Alpha))))) -> 36.1732 | S23: =IF(RAND()<P_Zero,0,IF(RAND()<CondReturn,_xlfn.LOGNORM.INV(RAND(),MV2,Sigma1),IF(RAND()<CondGood,_xlfn.LOGNORM.INV(RAND(),MV3,Sigma2),MIN(MaxMultiple,Xm/(1-RAND())^(1/Alpha))))) -> 1.1739269 | T23: =IF(RAND()<P_Zero,0,IF(RAND()<CondReturn,_xlfn.LOGNORM.INV(RAND(),MV2,Sigma1),IF(RAND()<CondGood,_xlfn.LOGNORM.INV(RAND(),MV3,Sigma2),MIN(MaxMultiple,Xm/(1-RAND())^(1/Alpha))))) -> 0.82641564 | U23: =IF(RAND()<P_Zero,0,IF(RAND()<CondReturn,_xlfn.LOGNORM.INV(RAND(),MV2,Sigma1),IF(RAND()<CondGood,_xlfn.LOGNORM.INV(RAND(),MV3,Sigma2),MIN(MaxMultiple,Xm/(1-RAND())^(1/Alpha))))) -> 0.59361947 | V23: =IF(RAND()<P_Zero,0,IF(RAND()<CondReturn,_xlfn.LOGNORM.INV(RAND(),MV2,Sigma1),IF(RAND()<CondGood,_xlfn.LOGNORM.INV(RAND(),MV3,Sigma2),MIN(MaxMultiple,Xm/(1-RAND())^(1/Alpha))))) -> 0 | W23: =IF(RAND()<P_Zero,0,IF(RAND()<CondReturn,_xlfn.LOGNORM.INV(RAND(),MV2,Sigma1),IF(RAND()<CondGood,_xlfn.LOGNORM.INV(RAND(),MV3,Sigma2),MIN(MaxMultiple,Xm/(1-RAND())^(1/Alpha))))) -> 0 | X23: =IF(RAND()<P_Zero,0,IF(RAND()<CondReturn,_xlfn.LOGNORM.INV(RAND(),MV2,Sigma1),IF(RAND()<CondGood,_xlfn.LOGNORM.INV(RAND(),MV3,Sigma2),MIN(MaxMultiple,Xm/(1-RAND())^(1/Alpha))))) -> 1.3783725 | Y23: =IF(RAND()<P_Zero,0,IF(RAND()<CondReturn,_xlfn.LOGNORM.INV(RAND(),MV2,Sigma1),IF(RAND()<CondGood,_xlfn.LOGNORM.INV(RAND(),MV3,Sigma2),MIN(MaxMultiple,Xm/(1-RAND())^(1/Alpha))))) -> 0 | Z23: =IF(RAND()<P_Zero,0,IF(RAND()<CondReturn,_xlfn.LOGNORM.INV(RAND(),MV2,Sigma1),IF(RAND()<CondGood,_xlfn.LOGNORM.INV(RAND(),MV3,Sigma2),MIN(MaxMultiple,Xm/(1-RAND())^(1/Alpha))))) -> 11.551464 | AA23: =IF(RAND()<P_Zero,0,IF(RAND()<CondReturn,_xlfn.LOGNORM.INV(RAND(),MV2,Sigma1),IF(RAND()<CondGood,_xlfn.LOGNORM.INV(RAND(),MV3,Sigma2),MIN(MaxMultiple,Xm/(1-RAND())^(1/Alpha))))) -> 0.54671459 | AB23: =AVERAGE(C23:AA23) -> 2.8476707 | AC23: =AB23*InvestableCapital -> 1.3668819e+08 | AD23: =AC23-InvestableCapital -> 88688193 | AE23: =HurdleToggle*InvestableCapital*((1+HurdleRate)^FeeYears-1) -> 55628400 | AF23: =MAX(0,AD23-AE23) -> 33059793 | AG23: =CarryRate*AF23 -> 6611958.6 | AH23: =AC23-AG23 -> 1.3007623e+08 | AI23: =AH23/FundSize -> 2.1679372
B24: 19 | C24: =IF(RAND()<P_Zero,0,IF(RAND()<CondReturn,_xlfn.LOGNORM.INV(RAND(),MV2,Sigma1),IF(RAND()<CondGood,_xlfn.LOGNORM.INV(RAND(),MV3,Sigma2),MIN(MaxMultiple,Xm/(1-RAND())^(1/Alpha))))) -> 0.89359289 | D24: =IF(RAND()<P_Zero,0,IF(RAND()<CondReturn,_xlfn.LOGNORM.INV(RAND(),MV2,Sigma1),IF(RAND()<CondGood,_xlfn.LOGNORM.INV(RAND(),MV3,Sigma2),MIN(MaxMultiple,Xm/(1-RAND())^(1/Alpha))))) -> 1.4241653 | E24: =IF(RAND()<P_Zero,0,IF(RAND()<CondReturn,_xlfn.LOGNORM.INV(RAND(),MV2,Sigma1),IF(RAND()<CondGood,_xlfn.LOGNORM.INV(RAND(),MV3,Sigma2),MIN(MaxMultiple,Xm/(1-RAND())^(1/Alpha))))) -> 0 | F24: =IF(RAND()<P_Zero,0,IF(RAND()<CondReturn,_xlfn.LOGNORM.INV(RAND(),MV2,Sigma1),IF(RAND()<CondGood,_xlfn.LOGNORM.INV(RAND(),MV3,Sigma2),MIN(MaxMultiple,Xm/(1-RAND())^(1/Alpha))))) -> 0 | G24: =IF(RAND()<P_Zero,0,IF(RAND()<CondReturn,_xlfn.LOGNORM.INV(RAND(),MV2,Sigma1),IF(RAND()<CondGood,_xlfn.LOGNORM.INV(RAND(),MV3,Sigma2),MIN(MaxMultiple,Xm/(1-RAND())^(1/Alpha))))) -> 0 | H24: =IF(RAND()<P_Zero,0,IF(RAND()<CondReturn,_xlfn.LOGNORM.INV(RAND(),MV2,Sigma1),IF(RAND()<CondGood,_xlfn.LOGNORM.INV(RAND(),MV3,Sigma2),MIN(MaxMultiple,Xm/(1-RAND())^(1/Alpha))))) -> 31.519995 | I24: =IF(RAND()<P_Zero,0,IF(RAND()<CondReturn,_xlfn.LOGNORM.INV(RAND(),MV2,Sigma1),IF(RAND()<CondGood,_xlfn.LOGNORM.INV(RAND(),MV3,Sigma2),MIN(MaxMultiple,Xm/(1-RAND())^(1/Alpha))))) -> 0.84687445 | J24: =IF(RAND()<P_Zero,0,IF(RAND()<CondReturn,_xlfn.LOGNORM.INV(RAND(),MV2,Sigma1),IF(RAND()<CondGood,_xlfn.LOGNORM.INV(RAND(),MV3,Sigma2),MIN(MaxMultiple,Xm/(1-RAND())^(1/Alpha))))) -> 1.20949 | K24: =IF(RAND()<P_Zero,0,IF(RAND()<CondReturn,_xlfn.LOGNORM.INV(RAND(),MV2,Sigma1),IF(RAND()<CondGood,_xlfn.LOGNORM.INV(RAND(),MV3,Sigma2),MIN(MaxMultiple,Xm/(1-RAND())^(1/Alpha))))) -> 0 | L24: =IF(RAND()<P_Zero,0,IF(RAND()<CondReturn,_xlfn.LOGNORM.INV(RAND(),MV2,Sigma1),IF(RAND()<CondGood,_xlfn.LOGNORM.INV(RAND(),MV3,Sigma2),MIN(MaxMultiple,Xm/(1-RAND())^(1/Alpha))))) -> 0 | M24: =IF(RAND()<P_Zero,0,IF(RAND()<CondReturn,_xlfn.LOGNORM.INV(RAND(),MV2,Sigma1),IF(RAND()<CondGood,_xlfn.LOGNORM.INV(RAND(),MV3,Sigma2),MIN(MaxMultiple,Xm/(1-RAND())^(1/Alpha))))) -> 0.95174997 | N24: =IF(RAND()<P_Zero,0,IF(RAND()<CondReturn,_xlfn.LOGNORM.INV(RAND(),MV2,Sigma1),IF(RAND()<CondGood,_xlfn.LOGNORM.INV(RAND(),MV3,Sigma2),MIN(MaxMultiple,Xm/(1-RAND())^(1/Alpha))))) -> 0 | O24: =IF(RAND()<P_Zero,0,IF(RAND()<CondReturn,_xlfn.LOGNORM.INV(RAND(),MV2,Sigma1),IF(RAND()<CondGood,_xlfn.LOGNORM.INV(RAND(),MV3,Sigma2),MIN(MaxMultiple,Xm/(1-RAND())^(1/Alpha))))) -> 1.5775417 | P24: =IF(RAND()<P_Zero,0,IF(RAND()<CondReturn,_xlfn.LOGNORM.INV(RAND(),MV2,Sigma1),IF(RAND()<CondGood,_xlfn.LOGNORM.INV(RAND(),MV3,Sigma2),MIN(MaxMultiple,Xm/(1-RAND())^(1/Alpha))))) -> 1.8876464 | Q24: =IF(RAND()<P_Zero,0,IF(RAND()<CondReturn,_xlfn.LOGNORM.INV(RAND(),MV2,Sigma1),IF(RAND()<CondGood,_xlfn.LOGNORM.INV(RAND(),MV3,Sigma2),MIN(MaxMultiple,Xm/(1-RAND())^(1/Alpha))))) -> 0 | R24: =IF(RAND()<P_Zero,0,IF(RAND()<CondReturn,_xlfn.LOGNORM.INV(RAND(),MV2,Sigma1),IF(RAND()<CondGood,_xlfn.LOGNORM.INV(RAND(),MV3,Sigma2),MIN(MaxMultiple,Xm/(1-RAND())^(1/Alpha))))) -> 0.52965027 | S24: =IF(RAND()<P_Zero,0,IF(RAND()<CondReturn,_xlfn.LOGNORM.INV(RAND(),MV2,Sigma1),IF(RAND()<CondGood,_xlfn.LOGNORM.INV(RAND(),MV3,Sigma2),MIN(MaxMultiple,Xm/(1-RAND())^(1/Alpha))))) -> 2.2342363 | T24: =IF(RAND()<P_Zero,0,IF(RAND()<CondReturn,_xlfn.LOGNORM.INV(RAND(),MV2,Sigma1),IF(RAND()<CondGood,_xlfn.LOGNORM.INV(RAND(),MV3,Sigma2),MIN(MaxMultiple,Xm/(1-RAND())^(1/Alpha))))) -> 0.58997812 | U24: =IF(RAND()<P_Zero,0,IF(RAND()<CondReturn,_xlfn.LOGNORM.INV(RAND(),MV2,Sigma1),IF(RAND()<CondGood,_xlfn.LOGNORM.INV(RAND(),MV3,Sigma2),MIN(MaxMultiple,Xm/(1-RAND())^(1/Alpha))))) -> 0 | V24: =IF(RAND()<P_Zero,0,IF(RAND()<CondReturn,_xlfn.LOGNORM.INV(RAND(),MV2,Sigma1),IF(RAND()<CondGood,_xlfn.LOGNORM.INV(RAND(),MV3,Sigma2),MIN(MaxMultiple,Xm/(1-RAND())^(1/Alpha))))) -> 0.74190888 | W24: =IF(RAND()<P_Zero,0,IF(RAND()<CondReturn,_xlfn.LOGNORM.INV(RAND(),MV2,Sigma1),IF(RAND()<CondGood,_xlfn.LOGNORM.INV(RAND(),MV3,Sigma2),MIN(MaxMultiple,Xm/(1-RAND())^(1/Alpha))))) -> 1.0026566 | X24: =IF(RAND()<P_Zero,0,IF(RAND()<CondReturn,_xlfn.LOGNORM.INV(RAND(),MV2,Sigma1),IF(RAND()<CondGood,_xlfn.LOGNORM.INV(RAND(),MV3,Sigma2),MIN(MaxMultiple,Xm/(1-RAND())^(1/Alpha))))) -> 0 | Y24: =IF(RAND()<P_Zero,0,IF(RAND()<CondReturn,_xlfn.LOGNORM.INV(RAND(),MV2,Sigma1),IF(RAND()<CondGood,_xlfn.LOGNORM.INV(RAND(),MV3,Sigma2),MIN(MaxMultiple,Xm/(1-RAND())^(1/Alpha))))) -> 0 | Z24: =IF(RAND()<P_Zero,0,IF(RAND()<CondReturn,_xlfn.LOGNORM.INV(RAND(),MV2,Sigma1),IF(RAND()<CondGood,_xlfn.LOGNORM.INV(RAND(),MV3,Sigma2),MIN(MaxMultiple,Xm/(1-RAND())^(1/Alpha))))) -> 0 | AA24: =IF(RAND()<P_Zero,0,IF(RAND()<CondReturn,_xlfn.LOGNORM.INV(RAND(),MV2,Sigma1),IF(RAND()<CondGood,_xlfn.LOGNORM.INV(RAND(),MV3,Sigma2),MIN(MaxMultiple,Xm/(1-RAND())^(1/Alpha))))) -> 1.7350125 | AB24: =AVERAGE(C24:AA24) -> 1.8857799 | AC24: =AB24*InvestableCapital -> 90517437 | AD24: =AC24-InvestableCapital -> 42517437 | AE24: =HurdleToggle*InvestableCapital*((1+HurdleRate)^FeeYears-1) -> 55628400 | AF24: =MAX(0,AD24-AE24) -> 0 | AG24: =CarryRate*AF24 -> 0 | AH24: =AC24-AG24 -> 90517437 | AI24: =AH24/FundSize -> 1.5086239
B25: 20 | C25: =IF(RAND()<P_Zero,0,IF(RAND()<CondReturn,_xlfn.LOGNORM.INV(RAND(),MV2,Sigma1),IF(RAND()<CondGood,_xlfn.LOGNORM.INV(RAND(),MV3,Sigma2),MIN(MaxMultiple,Xm/(1-RAND())^(1/Alpha))))) -> 0.67580774 | D25: =IF(RAND()<P_Zero,0,IF(RAND()<CondReturn,_xlfn.LOGNORM.INV(RAND(),MV2,Sigma1),IF(RAND()<CondGood,_xlfn.LOGNORM.INV(RAND(),MV3,Sigma2),MIN(MaxMultiple,Xm/(1-RAND())^(1/Alpha))))) -> 0.69614867 | E25: =IF(RAND()<P_Zero,0,IF(RAND()<CondReturn,_xlfn.LOGNORM.INV(RAND(),MV2,Sigma1),IF(RAND()<CondGood,_xlfn.LOGNORM.INV(RAND(),MV3,Sigma2),MIN(MaxMultiple,Xm/(1-RAND())^(1/Alpha))))) -> 0 | F25: =IF(RAND()<P_Zero,0,IF(RAND()<CondReturn,_xlfn.LOGNORM.INV(RAND(),MV2,Sigma1),IF(RAND()<CondGood,_xlfn.LOGNORM.INV(RAND(),MV3,Sigma2),MIN(MaxMultiple,Xm/(1-RAND())^(1/Alpha))))) -> 0 | G25: =IF(RAND()<P_Zero,0,IF(RAND()<CondReturn,_xlfn.LOGNORM.INV(RAND(),MV2,Sigma1),IF(RAND()<CondGood,_xlfn.LOGNORM.INV(RAND(),MV3,Sigma2),MIN(MaxMultiple,Xm/(1-RAND())^(1/Alpha))))) -> 0 | H25: =IF(RAND()<P_Zero,0,IF(RAND()<CondReturn,_xlfn.LOGNORM.INV(RAND(),MV2,Sigma1),IF(RAND()<CondGood,_xlfn.LOGNORM.INV(RAND(),MV3,Sigma2),MIN(MaxMultiple,Xm/(1-RAND())^(1/Alpha))))) -> 0 | I25: =IF(RAND()<P_Zero,0,IF(RAND()<CondReturn,_xlfn.LOGNORM.INV(RAND(),MV2,Sigma1),IF(RAND()<CondGood,_xlfn.LOGNORM.INV(RAND(),MV3,Sigma2),MIN(MaxMultiple,Xm/(1-RAND())^(1/Alpha))))) -> 0 | J25: =IF(RAND()<P_Zero,0,IF(RAND()<CondReturn,_xlfn.LOGNORM.INV(RAND(),MV2,Sigma1),IF(RAND()<CondGood,_xlfn.LOGNORM.INV(RAND(),MV3,Sigma2),MIN(MaxMultiple,Xm/(1-RAND())^(1/Alpha))))) -> 1.2991461 | K25: =IF(RAND()<P_Zero,0,IF(RAND()<CondReturn,_xlfn.LOGNORM.INV(RAND(),MV2,Sigma1),IF(RAND()<CondGood,_xlfn.LOGNORM.INV(RAND(),MV3,Sigma2),MIN(MaxMultiple,Xm/(1-RAND())^(1/Alpha))))) -> 2.1977475 | L25: =IF(RAND()<P_Zero,0,IF(RAND()<CondReturn,_xlfn.LOGNORM.INV(RAND(),MV2,Sigma1),IF(RAND()<CondGood,_xlfn.LOGNORM.INV(RAND(),MV3,Sigma2),MIN(MaxMultiple,Xm/(1-RAND())^(1/Alpha))))) -> 0.50420228 | M25: =IF(RAND()<P_Zero,0,IF(RAND()<CondReturn,_xlfn.LOGNORM.INV(RAND(),MV2,Sigma1),IF(RAND()<CondGood,_xlfn.LOGNORM.INV(RAND(),MV3,Sigma2),MIN(MaxMultiple,Xm/(1-RAND())^(1/Alpha))))) -> 1.8798892 | N25: =IF(RAND()<P_Zero,0,IF(RAND()<CondReturn,_xlfn.LOGNORM.INV(RAND(),MV2,Sigma1),IF(RAND()<CondGood,_xlfn.LOGNORM.INV(RAND(),MV3,Sigma2),MIN(MaxMultiple,Xm/(1-RAND())^(1/Alpha))))) -> 1.277264 | O25: =IF(RAND()<P_Zero,0,IF(RAND()<CondReturn,_xlfn.LOGNORM.INV(RAND(),MV2,Sigma1),IF(RAND()<CondGood,_xlfn.LOGNORM.INV(RAND(),MV3,Sigma2),MIN(MaxMultiple,Xm/(1-RAND())^(1/Alpha))))) -> 0 | P25: =IF(RAND()<P_Zero,0,IF(RAND()<CondReturn,_xlfn.LOGNORM.INV(RAND(),MV2,Sigma1),IF(RAND()<CondGood,_xlfn.LOGNORM.INV(RAND(),MV3,Sigma2),MIN(MaxMultiple,Xm/(1-RAND())^(1/Alpha))))) -> 1.1432998 | Q25: =IF(RAND()<P_Zero,0,IF(RAND()<CondReturn,_xlfn.LOGNORM.INV(RAND(),MV2,Sigma1),IF(RAND()<CondGood,_xlfn.LOGNORM.INV(RAND(),MV3,Sigma2),MIN(MaxMultiple,Xm/(1-RAND())^(1/Alpha))))) -> 0 | R25: =IF(RAND()<P_Zero,0,IF(RAND()<CondReturn,_xlfn.LOGNORM.INV(RAND(),MV2,Sigma1),IF(RAND()<CondGood,_xlfn.LOGNORM.INV(RAND(),MV3,Sigma2),MIN(MaxMultiple,Xm/(1-RAND())^(1/Alpha))))) -> 1.4405833 | S25: =IF(RAND()<P_Zero,0,IF(RAND()<CondReturn,_xlfn.LOGNORM.INV(RAND(),MV2,Sigma1),IF(RAND()<CondGood,_xlfn.LOGNORM.INV(RAND(),MV3,Sigma2),MIN(MaxMultiple,Xm/(1-RAND())^(1/Alpha))))) -> 2.3580335 | T25: =IF(RAND()<P_Zero,0,IF(RAND()<CondReturn,_xlfn.LOGNORM.INV(RAND(),MV2,Sigma1),IF(RAND()<CondGood,_xlfn.LOGNORM.INV(RAND(),MV3,Sigma2),MIN(MaxMultiple,Xm/(1-RAND())^(1/Alpha))))) -> 0 | U25: =IF(RAND()<P_Zero,0,IF(RAND()<CondReturn,_xlfn.LOGNORM.INV(RAND(),MV2,Sigma1),IF(RAND()<CondGood,_xlfn.LOGNORM.INV(RAND(),MV3,Sigma2),MIN(MaxMultiple,Xm/(1-RAND())^(1/Alpha))))) -> 0 | V25: =IF(RAND()<P_Zero,0,IF(RAND()<CondReturn,_xlfn.LOGNORM.INV(RAND(),MV2,Sigma1),IF(RAND()<CondGood,_xlfn.LOGNORM.INV(RAND(),MV3,Sigma2),MIN(MaxMultiple,Xm/(1-RAND())^(1/Alpha))))) -> 0 | W25: =IF(RAND()<P_Zero,0,IF(RAND()<CondReturn,_xlfn.LOGNORM.INV(RAND(),MV2,Sigma1),IF(RAND()<CondGood,_xlfn.LOGNORM.INV(RAND(),MV3,Sigma2),MIN(MaxMultiple,Xm/(1-RAND())^(1/Alpha))))) -> 0 | X25: =IF(RAND()<P_Zero,0,IF(RAND()<CondReturn,_xlfn.LOGNORM.INV(RAND(),MV2,Sigma1),IF(RAND()<CondGood,_xlfn.LOGNORM.INV(RAND(),MV3,Sigma2),MIN(MaxMultiple,Xm/(1-RAND())^(1/Alpha))))) -> 0 | Y25: =IF(RAND()<P_Zero,0,IF(RAND()<CondReturn,_xlfn.LOGNORM.INV(RAND(),MV2,Sigma1),IF(RAND()<CondGood,_xlfn.LOGNORM.INV(RAND(),MV3,Sigma2),MIN(MaxMultiple,Xm/(1-RAND())^(1/Alpha))))) -> 0 | Z25: =IF(RAND()<P_Zero,0,IF(RAND()<CondReturn,_xlfn.LOGNORM.INV(RAND(),MV2,Sigma1),IF(RAND()<CondGood,_xlfn.LOGNORM.INV(RAND(),MV3,Sigma2),MIN(MaxMultiple,Xm/(1-RAND())^(1/Alpha))))) -> 0 | AA25: =IF(RAND()<P_Zero,0,IF(RAND()<CondReturn,_xlfn.LOGNORM.INV(RAND(),MV2,Sigma1),IF(RAND()<CondGood,_xlfn.LOGNORM.INV(RAND(),MV3,Sigma2),MIN(MaxMultiple,Xm/(1-RAND())^(1/Alpha))))) -> 5.1143445 | AB25: =AVERAGE(C25:AA25) -> 0.74345866 | AC25: =AB25*InvestableCapital -> 35686016 | AD25: =AC25-InvestableCapital -> -12313984 | AE25: =HurdleToggle*InvestableCapital*((1+HurdleRate)^FeeYears-1) -> 55628400 | AF25: =MAX(0,AD25-AE25) -> 0 | AG25: =CarryRate*AF25 -> 0 | AH25: =AC25-AG25 -> 35686016 | AI25: =AH25/FundSize -> 0.59476693
B26: 21 | C26: =IF(RAND()<P_Zero,0,IF(RAND()<CondReturn,_xlfn.LOGNORM.INV(RAND(),MV2,Sigma1),IF(RAND()<CondGood,_xlfn.LOGNORM.INV(RAND(),MV3,Sigma2),MIN(MaxMultiple,Xm/(1-RAND())^(1/Alpha))))) -> 0.856621 | D26: =IF(RAND()<P_Zero,0,IF(RAND()<CondReturn,_xlfn.LOGNORM.INV(RAND(),MV2,Sigma1),IF(RAND()<CondGood,_xlfn.LOGNORM.INV(RAND(),MV3,Sigma2),MIN(MaxMultiple,Xm/(1-RAND())^(1/Alpha))))) -> 29.790561 | E26: =IF(RAND()<P_Zero,0,IF(RAND()<CondReturn,_xlfn.LOGNORM.INV(RAND(),MV2,Sigma1),IF(RAND()<CondGood,_xlfn.LOGNORM.INV(RAND(),MV3,Sigma2),MIN(MaxMultiple,Xm/(1-RAND())^(1/Alpha))))) -> 1.4168485 | F26: =IF(RAND()<P_Zero,0,IF(RAND()<CondReturn,_xlfn.LOGNORM.INV(RAND(),MV2,Sigma1),IF(RAND()<CondGood,_xlfn.LOGNORM.INV(RAND(),MV3,Sigma2),MIN(MaxMultiple,Xm/(1-RAND())^(1/Alpha))))) -> 1.1688942 | G26: =IF(RAND()<P_Zero,0,IF(RAND()<CondReturn,_xlfn.LOGNORM.INV(RAND(),MV2,Sigma1),IF(RAND()<CondGood,_xlfn.LOGNORM.INV(RAND(),MV3,Sigma2),MIN(MaxMultiple,Xm/(1-RAND())^(1/Alpha))))) -> 0.44819312 | H26: =IF(RAND()<P_Zero,0,IF(RAND()<CondReturn,_xlfn.LOGNORM.INV(RAND(),MV2,Sigma1),IF(RAND()<CondGood,_xlfn.LOGNORM.INV(RAND(),MV3,Sigma2),MIN(MaxMultiple,Xm/(1-RAND())^(1/Alpha))))) -> 0 | I26: =IF(RAND()<P_Zero,0,IF(RAND()<CondReturn,_xlfn.LOGNORM.INV(RAND(),MV2,Sigma1),IF(RAND()<CondGood,_xlfn.LOGNORM.INV(RAND(),MV3,Sigma2),MIN(MaxMultiple,Xm/(1-RAND())^(1/Alpha))))) -> 39.972484 | J26: =IF(RAND()<P_Zero,0,IF(RAND()<CondReturn,_xlfn.LOGNORM.INV(RAND(),MV2,Sigma1),IF(RAND()<CondGood,_xlfn.LOGNORM.INV(RAND(),MV3,Sigma2),MIN(MaxMultiple,Xm/(1-RAND())^(1/Alpha))))) -> 0.74000601 | K26: =IF(RAND()<P_Zero,0,IF(RAND()<CondReturn,_xlfn.LOGNORM.INV(RAND(),MV2,Sigma1),IF(RAND()<CondGood,_xlfn.LOGNORM.INV(RAND(),MV3,Sigma2),MIN(MaxMultiple,Xm/(1-RAND())^(1/Alpha))))) -> 1.5760797 | L26: =IF(RAND()<P_Zero,0,IF(RAND()<CondReturn,_xlfn.LOGNORM.INV(RAND(),MV2,Sigma1),IF(RAND()<CondGood,_xlfn.LOGNORM.INV(RAND(),MV3,Sigma2),MIN(MaxMultiple,Xm/(1-RAND())^(1/Alpha))))) -> 0 | M26: =IF(RAND()<P_Zero,0,IF(RAND()<CondReturn,_xlfn.LOGNORM.INV(RAND(),MV2,Sigma1),IF(RAND()<CondGood,_xlfn.LOGNORM.INV(RAND(),MV3,Sigma2),MIN(MaxMultiple,Xm/(1-RAND())^(1/Alpha))))) -> 0.8859746 | N26: =IF(RAND()<P_Zero,0,IF(RAND()<CondReturn,_xlfn.LOGNORM.INV(RAND(),MV2,Sigma1),IF(RAND()<CondGood,_xlfn.LOGNORM.INV(RAND(),MV3,Sigma2),MIN(MaxMultiple,Xm/(1-RAND())^(1/Alpha))))) -> 0 | O26: =IF(RAND()<P_Zero,0,IF(RAND()<CondReturn,_xlfn.LOGNORM.INV(RAND(),MV2,Sigma1),IF(RAND()<CondGood,_xlfn.LOGNORM.INV(RAND(),MV3,Sigma2),MIN(MaxMultiple,Xm/(1-RAND())^(1/Alpha))))) -> 0.61672101 | P26: =IF(RAND()<P_Zero,0,IF(RAND()<CondReturn,_xlfn.LOGNORM.INV(RAND(),MV2,Sigma1),IF(RAND()<CondGood,_xlfn.LOGNORM.INV(RAND(),MV3,Sigma2),MIN(MaxMultiple,Xm/(1-RAND())^(1/Alpha))))) -> 0.83652804 | Q26: =IF(RAND()<P_Zero,0,IF(RAND()<CondReturn,_xlfn.LOGNORM.INV(RAND(),MV2,Sigma1),IF(RAND()<CondGood,_xlfn.LOGNORM.INV(RAND(),MV3,Sigma2),MIN(MaxMultiple,Xm/(1-RAND())^(1/Alpha))))) -> 0 | R26: =IF(RAND()<P_Zero,0,IF(RAND()<CondReturn,_xlfn.LOGNORM.INV(RAND(),MV2,Sigma1),IF(RAND()<CondGood,_xlfn.LOGNORM.INV(RAND(),MV3,Sigma2),MIN(MaxMultiple,Xm/(1-RAND())^(1/Alpha))))) -> 0 | S26: =IF(RAND()<P_Zero,0,IF(RAND()<CondReturn,_xlfn.LOGNORM.INV(RAND(),MV2,Sigma1),IF(RAND()<CondGood,_xlfn.LOGNORM.INV(RAND(),MV3,Sigma2),MIN(MaxMultiple,Xm/(1-RAND())^(1/Alpha))))) -> 0 | T26: =IF(RAND()<P_Zero,0,IF(RAND()<CondReturn,_xlfn.LOGNORM.INV(RAND(),MV2,Sigma1),IF(RAND()<CondGood,_xlfn.LOGNORM.INV(RAND(),MV3,Sigma2),MIN(MaxMultiple,Xm/(1-RAND())^(1/Alpha))))) -> 0 | U26: =IF(RAND()<P_Zero,0,IF(RAND()<CondReturn,_xlfn.LOGNORM.INV(RAND(),MV2,Sigma1),IF(RAND()<CondGood,_xlfn.LOGNORM.INV(RAND(),MV3,Sigma2),MIN(MaxMultiple,Xm/(1-RAND())^(1/Alpha))))) -> 1.9100414 | V26: =IF(RAND()<P_Zero,0,IF(RAND()<CondReturn,_xlfn.LOGNORM.INV(RAND(),MV2,Sigma1),IF(RAND()<CondGood,_xlfn.LOGNORM.INV(RAND(),MV3,Sigma2),MIN(MaxMultiple,Xm/(1-RAND())^(1/Alpha))))) -> 0.65765331 | W26: =IF(RAND()<P_Zero,0,IF(RAND()<CondReturn,_xlfn.LOGNORM.INV(RAND(),MV2,Sigma1),IF(RAND()<CondGood,_xlfn.LOGNORM.INV(RAND(),MV3,Sigma2),MIN(MaxMultiple,Xm/(1-RAND())^(1/Alpha))))) -> 0 | X26: =IF(RAND()<P_Zero,0,IF(RAND()<CondReturn,_xlfn.LOGNORM.INV(RAND(),MV2,Sigma1),IF(RAND()<CondGood,_xlfn.LOGNORM.INV(RAND(),MV3,Sigma2),MIN(MaxMultiple,Xm/(1-RAND())^(1/Alpha))))) -> 0 | Y26: =IF(RAND()<P_Zero,0,IF(RAND()<CondReturn,_xlfn.LOGNORM.INV(RAND(),MV2,Sigma1),IF(RAND()<CondGood,_xlfn.LOGNORM.INV(RAND(),MV3,Sigma2),MIN(MaxMultiple,Xm/(1-RAND())^(1/Alpha))))) -> 1.2326197 | Z26: =IF(RAND()<P_Zero,0,IF(RAND()<CondReturn,_xlfn.LOGNORM.INV(RAND(),MV2,Sigma1),IF(RAND()<CondGood,_xlfn.LOGNORM.INV(RAND(),MV3,Sigma2),MIN(MaxMultiple,Xm/(1-RAND())^(1/Alpha))))) -> 1.1469326 | AA26: =IF(RAND()<P_Zero,0,IF(RAND()<CondReturn,_xlfn.LOGNORM.INV(RAND(),MV2,Sigma1),IF(RAND()<CondGood,_xlfn.LOGNORM.INV(RAND(),MV3,Sigma2),MIN(MaxMultiple,Xm/(1-RAND())^(1/Alpha))))) -> 0 | AB26: =AVERAGE(C26:AA26) -> 3.3302463 | AC26: =AB26*InvestableCapital -> 1.5985182e+08 | AD26: =AC26-InvestableCapital -> 1.1185182e+08 | AE26: =HurdleToggle*InvestableCapital*((1+HurdleRate)^FeeYears-1) -> 55628400 | AF26: =MAX(0,AD26-AE26) -> 56223424 | AG26: =CarryRate*AF26 -> 11244685 | AH26: =AC26-AG26 -> 1.4860714e+08 | AI26: =AH26/FundSize -> 2.4767856
B27: 22 | C27: =IF(RAND()<P_Zero,0,IF(RAND()<CondReturn,_xlfn.LOGNORM.INV(RAND(),MV2,Sigma1),IF(RAND()<CondGood,_xlfn.LOGNORM.INV(RAND(),MV3,Sigma2),MIN(MaxMultiple,Xm/(1-RAND())^(1/Alpha))))) -> 0 | D27: =IF(RAND()<P_Zero,0,IF(RAND()<CondReturn,_xlfn.LOGNORM.INV(RAND(),MV2,Sigma1),IF(RAND()<CondGood,_xlfn.LOGNORM.INV(RAND(),MV3,Sigma2),MIN(MaxMultiple,Xm/(1-RAND())^(1/Alpha))))) -> 1.037335 | E27: =IF(RAND()<P_Zero,0,IF(RAND()<CondReturn,_xlfn.LOGNORM.INV(RAND(),MV2,Sigma1),IF(RAND()<CondGood,_xlfn.LOGNORM.INV(RAND(),MV3,Sigma2),MIN(MaxMultiple,Xm/(1-RAND())^(1/Alpha))))) -> 0.72897314 | F27: =IF(RAND()<P_Zero,0,IF(RAND()<CondReturn,_xlfn.LOGNORM.INV(RAND(),MV2,Sigma1),IF(RAND()<CondGood,_xlfn.LOGNORM.INV(RAND(),MV3,Sigma2),MIN(MaxMultiple,Xm/(1-RAND())^(1/Alpha))))) -> 1.3031526 | G27: =IF(RAND()<P_Zero,0,IF(RAND()<CondReturn,_xlfn.LOGNORM.INV(RAND(),MV2,Sigma1),IF(RAND()<CondGood,_xlfn.LOGNORM.INV(RAND(),MV3,Sigma2),MIN(MaxMultiple,Xm/(1-RAND())^(1/Alpha))))) -> 0 | H27: =IF(RAND()<P_Zero,0,IF(RAND()<CondReturn,_xlfn.LOGNORM.INV(RAND(),MV2,Sigma1),IF(RAND()<CondGood,_xlfn.LOGNORM.INV(RAND(),MV3,Sigma2),MIN(MaxMultiple,Xm/(1-RAND())^(1/Alpha))))) -> 10.777339 | I27: =IF(RAND()<P_Zero,0,IF(RAND()<CondReturn,_xlfn.LOGNORM.INV(RAND(),MV2,Sigma1),IF(RAND()<CondGood,_xlfn.LOGNORM.INV(RAND(),MV3,Sigma2),MIN(MaxMultiple,Xm/(1-RAND())^(1/Alpha))))) -> 0.92895667 | J27: =IF(RAND()<P_Zero,0,IF(RAND()<CondReturn,_xlfn.LOGNORM.INV(RAND(),MV2,Sigma1),IF(RAND()<CondGood,_xlfn.LOGNORM.INV(RAND(),MV3,Sigma2),MIN(MaxMultiple,Xm/(1-RAND())^(1/Alpha))))) -> 0 | K27: =IF(RAND()<P_Zero,0,IF(RAND()<CondReturn,_xlfn.LOGNORM.INV(RAND(),MV2,Sigma1),IF(RAND()<CondGood,_xlfn.LOGNORM.INV(RAND(),MV3,Sigma2),MIN(MaxMultiple,Xm/(1-RAND())^(1/Alpha))))) -> 0 | L27: =IF(RAND()<P_Zero,0,IF(RAND()<CondReturn,_xlfn.LOGNORM.INV(RAND(),MV2,Sigma1),IF(RAND()<CondGood,_xlfn.LOGNORM.INV(RAND(),MV3,Sigma2),MIN(MaxMultiple,Xm/(1-RAND())^(1/Alpha))))) -> 1.256384 | M27: =IF(RAND()<P_Zero,0,IF(RAND()<CondReturn,_xlfn.LOGNORM.INV(RAND(),MV2,Sigma1),IF(RAND()<CondGood,_xlfn.LOGNORM.INV(RAND(),MV3,Sigma2),MIN(MaxMultiple,Xm/(1-RAND())^(1/Alpha))))) -> 0.96063513 | N27: =IF(RAND()<P_Zero,0,IF(RAND()<CondReturn,_xlfn.LOGNORM.INV(RAND(),MV2,Sigma1),IF(RAND()<CondGood,_xlfn.LOGNORM.INV(RAND(),MV3,Sigma2),MIN(MaxMultiple,Xm/(1-RAND())^(1/Alpha))))) -> 0.98989143 | O27: =IF(RAND()<P_Zero,0,IF(RAND()<CondReturn,_xlfn.LOGNORM.INV(RAND(),MV2,Sigma1),IF(RAND()<CondGood,_xlfn.LOGNORM.INV(RAND(),MV3,Sigma2),MIN(MaxMultiple,Xm/(1-RAND())^(1/Alpha))))) -> 10.831037 | P27: =IF(RAND()<P_Zero,0,IF(RAND()<CondReturn,_xlfn.LOGNORM.INV(RAND(),MV2,Sigma1),IF(RAND()<CondGood,_xlfn.LOGNORM.INV(RAND(),MV3,Sigma2),MIN(MaxMultiple,Xm/(1-RAND())^(1/Alpha))))) -> 0 | Q27: =IF(RAND()<P_Zero,0,IF(RAND()<CondReturn,_xlfn.LOGNORM.INV(RAND(),MV2,Sigma1),IF(RAND()<CondGood,_xlfn.LOGNORM.INV(RAND(),MV3,Sigma2),MIN(MaxMultiple,Xm/(1-RAND())^(1/Alpha))))) -> 0.77847054 | R27: =IF(RAND()<P_Zero,0,IF(RAND()<CondReturn,_xlfn.LOGNORM.INV(RAND(),MV2,Sigma1),IF(RAND()<CondGood,_xlfn.LOGNORM.INV(RAND(),MV3,Sigma2),MIN(MaxMultiple,Xm/(1-RAND())^(1/Alpha))))) -> 0 | S27: =IF(RAND()<P_Zero,0,IF(RAND()<CondReturn,_xlfn.LOGNORM.INV(RAND(),MV2,Sigma1),IF(RAND()<CondGood,_xlfn.LOGNORM.INV(RAND(),MV3,Sigma2),MIN(MaxMultiple,Xm/(1-RAND())^(1/Alpha))))) -> 0.82373917 | T27: =IF(RAND()<P_Zero,0,IF(RAND()<CondReturn,_xlfn.LOGNORM.INV(RAND(),MV2,Sigma1),IF(RAND()<CondGood,_xlfn.LOGNORM.INV(RAND(),MV3,Sigma2),MIN(MaxMultiple,Xm/(1-RAND())^(1/Alpha))))) -> 1.3224293 | U27: =IF(RAND()<P_Zero,0,IF(RAND()<CondReturn,_xlfn.LOGNORM.INV(RAND(),MV2,Sigma1),IF(RAND()<CondGood,_xlfn.LOGNORM.INV(RAND(),MV3,Sigma2),MIN(MaxMultiple,Xm/(1-RAND())^(1/Alpha))))) -> 0.45404566 | V27: =IF(RAND()<P_Zero,0,IF(RAND()<CondReturn,_xlfn.LOGNORM.INV(RAND(),MV2,Sigma1),IF(RAND()<CondGood,_xlfn.LOGNORM.INV(RAND(),MV3,Sigma2),MIN(MaxMultiple,Xm/(1-RAND())^(1/Alpha))))) -> 0 | W27: =IF(RAND()<P_Zero,0,IF(RAND()<CondReturn,_xlfn.LOGNORM.INV(RAND(),MV2,Sigma1),IF(RAND()<CondGood,_xlfn.LOGNORM.INV(RAND(),MV3,Sigma2),MIN(MaxMultiple,Xm/(1-RAND())^(1/Alpha))))) -> 0 | X27: =IF(RAND()<P_Zero,0,IF(RAND()<CondReturn,_xlfn.LOGNORM.INV(RAND(),MV2,Sigma1),IF(RAND()<CondGood,_xlfn.LOGNORM.INV(RAND(),MV3,Sigma2),MIN(MaxMultiple,Xm/(1-RAND())^(1/Alpha))))) -> 0.88536542 | Y27: =IF(RAND()<P_Zero,0,IF(RAND()<CondReturn,_xlfn.LOGNORM.INV(RAND(),MV2,Sigma1),IF(RAND()<CondGood,_xlfn.LOGNORM.INV(RAND(),MV3,Sigma2),MIN(MaxMultiple,Xm/(1-RAND())^(1/Alpha))))) -> 0 | Z27: =IF(RAND()<P_Zero,0,IF(RAND()<CondReturn,_xlfn.LOGNORM.INV(RAND(),MV2,Sigma1),IF(RAND()<CondGood,_xlfn.LOGNORM.INV(RAND(),MV3,Sigma2),MIN(MaxMultiple,Xm/(1-RAND())^(1/Alpha))))) -> 0 | AA27: =IF(RAND()<P_Zero,0,IF(RAND()<CondReturn,_xlfn.LOGNORM.INV(RAND(),MV2,Sigma1),IF(RAND()<CondGood,_xlfn.LOGNORM.INV(RAND(),MV3,Sigma2),MIN(MaxMultiple,Xm/(1-RAND())^(1/Alpha))))) -> 0 | AB27: =AVERAGE(C27:AA27) -> 1.3231102 | AC27: =AB27*InvestableCapital -> 63509288 | AD27: =AC27-InvestableCapital -> 15509288 | AE27: =HurdleToggle*InvestableCapital*((1+HurdleRate)^FeeYears-1) -> 55628400 | AF27: =MAX(0,AD27-AE27) -> 0 | AG27: =CarryRate*AF27 -> 0 | AH27: =AC27-AG27 -> 63509288 | AI27: =AH27/FundSize -> 1.0584881
B28: 23 | C28: =IF(RAND()<P_Zero,0,IF(RAND()<CondReturn,_xlfn.LOGNORM.INV(RAND(),MV2,Sigma1),IF(RAND()<CondGood,_xlfn.LOGNORM.INV(RAND(),MV3,Sigma2),MIN(MaxMultiple,Xm/(1-RAND())^(1/Alpha))))) -> 0 | D28: =IF(RAND()<P_Zero,0,IF(RAND()<CondReturn,_xlfn.LOGNORM.INV(RAND(),MV2,Sigma1),IF(RAND()<CondGood,_xlfn.LOGNORM.INV(RAND(),MV3,Sigma2),MIN(MaxMultiple,Xm/(1-RAND())^(1/Alpha))))) -> 28.02165 | E28: =IF(RAND()<P_Zero,0,IF(RAND()<CondReturn,_xlfn.LOGNORM.INV(RAND(),MV2,Sigma1),IF(RAND()<CondGood,_xlfn.LOGNORM.INV(RAND(),MV3,Sigma2),MIN(MaxMultiple,Xm/(1-RAND())^(1/Alpha))))) -> 1.3061078 | F28: =IF(RAND()<P_Zero,0,IF(RAND()<CondReturn,_xlfn.LOGNORM.INV(RAND(),MV2,Sigma1),IF(RAND()<CondGood,_xlfn.LOGNORM.INV(RAND(),MV3,Sigma2),MIN(MaxMultiple,Xm/(1-RAND())^(1/Alpha))))) -> 0.52378834 | G28: =IF(RAND()<P_Zero,0,IF(RAND()<CondReturn,_xlfn.LOGNORM.INV(RAND(),MV2,Sigma1),IF(RAND()<CondGood,_xlfn.LOGNORM.INV(RAND(),MV3,Sigma2),MIN(MaxMultiple,Xm/(1-RAND())^(1/Alpha))))) -> 2.3547439 | H28: =IF(RAND()<P_Zero,0,IF(RAND()<CondReturn,_xlfn.LOGNORM.INV(RAND(),MV2,Sigma1),IF(RAND()<CondGood,_xlfn.LOGNORM.INV(RAND(),MV3,Sigma2),MIN(MaxMultiple,Xm/(1-RAND())^(1/Alpha))))) -> 0 | I28: =IF(RAND()<P_Zero,0,IF(RAND()<CondReturn,_xlfn.LOGNORM.INV(RAND(),MV2,Sigma1),IF(RAND()<CondGood,_xlfn.LOGNORM.INV(RAND(),MV3,Sigma2),MIN(MaxMultiple,Xm/(1-RAND())^(1/Alpha))))) -> 14.881526 | J28: =IF(RAND()<P_Zero,0,IF(RAND()<CondReturn,_xlfn.LOGNORM.INV(RAND(),MV2,Sigma1),IF(RAND()<CondGood,_xlfn.LOGNORM.INV(RAND(),MV3,Sigma2),MIN(MaxMultiple,Xm/(1-RAND())^(1/Alpha))))) -> 13.170788 | K28: =IF(RAND()<P_Zero,0,IF(RAND()<CondReturn,_xlfn.LOGNORM.INV(RAND(),MV2,Sigma1),IF(RAND()<CondGood,_xlfn.LOGNORM.INV(RAND(),MV3,Sigma2),MIN(MaxMultiple,Xm/(1-RAND())^(1/Alpha))))) -> 24.490777 | L28: =IF(RAND()<P_Zero,0,IF(RAND()<CondReturn,_xlfn.LOGNORM.INV(RAND(),MV2,Sigma1),IF(RAND()<CondGood,_xlfn.LOGNORM.INV(RAND(),MV3,Sigma2),MIN(MaxMultiple,Xm/(1-RAND())^(1/Alpha))))) -> 0 | M28: =IF(RAND()<P_Zero,0,IF(RAND()<CondReturn,_xlfn.LOGNORM.INV(RAND(),MV2,Sigma1),IF(RAND()<CondGood,_xlfn.LOGNORM.INV(RAND(),MV3,Sigma2),MIN(MaxMultiple,Xm/(1-RAND())^(1/Alpha))))) -> 0.77235609 | N28: =IF(RAND()<P_Zero,0,IF(RAND()<CondReturn,_xlfn.LOGNORM.INV(RAND(),MV2,Sigma1),IF(RAND()<CondGood,_xlfn.LOGNORM.INV(RAND(),MV3,Sigma2),MIN(MaxMultiple,Xm/(1-RAND())^(1/Alpha))))) -> 0 | O28: =IF(RAND()<P_Zero,0,IF(RAND()<CondReturn,_xlfn.LOGNORM.INV(RAND(),MV2,Sigma1),IF(RAND()<CondGood,_xlfn.LOGNORM.INV(RAND(),MV3,Sigma2),MIN(MaxMultiple,Xm/(1-RAND())^(1/Alpha))))) -> 0 | P28: =IF(RAND()<P_Zero,0,IF(RAND()<CondReturn,_xlfn.LOGNORM.INV(RAND(),MV2,Sigma1),IF(RAND()<CondGood,_xlfn.LOGNORM.INV(RAND(),MV3,Sigma2),MIN(MaxMultiple,Xm/(1-RAND())^(1/Alpha))))) -> 1.1689055 | Q28: =IF(RAND()<P_Zero,0,IF(RAND()<CondReturn,_xlfn.LOGNORM.INV(RAND(),MV2,Sigma1),IF(RAND()<CondGood,_xlfn.LOGNORM.INV(RAND(),MV3,Sigma2),MIN(MaxMultiple,Xm/(1-RAND())^(1/Alpha))))) -> 10.671824 | R28: =IF(RAND()<P_Zero,0,IF(RAND()<CondReturn,_xlfn.LOGNORM.INV(RAND(),MV2,Sigma1),IF(RAND()<CondGood,_xlfn.LOGNORM.INV(RAND(),MV3,Sigma2),MIN(MaxMultiple,Xm/(1-RAND())^(1/Alpha))))) -> 0.64711433 | S28: =IF(RAND()<P_Zero,0,IF(RAND()<CondReturn,_xlfn.LOGNORM.INV(RAND(),MV2,Sigma1),IF(RAND()<CondGood,_xlfn.LOGNORM.INV(RAND(),MV3,Sigma2),MIN(MaxMultiple,Xm/(1-RAND())^(1/Alpha))))) -> 1.1063906 | T28: =IF(RAND()<P_Zero,0,IF(RAND()<CondReturn,_xlfn.LOGNORM.INV(RAND(),MV2,Sigma1),IF(RAND()<CondGood,_xlfn.LOGNORM.INV(RAND(),MV3,Sigma2),MIN(MaxMultiple,Xm/(1-RAND())^(1/Alpha))))) -> 0.7321949 | U28: =IF(RAND()<P_Zero,0,IF(RAND()<CondReturn,_xlfn.LOGNORM.INV(RAND(),MV2,Sigma1),IF(RAND()<CondGood,_xlfn.LOGNORM.INV(RAND(),MV3,Sigma2),MIN(MaxMultiple,Xm/(1-RAND())^(1/Alpha))))) -> 0 | V28: =IF(RAND()<P_Zero,0,IF(RAND()<CondReturn,_xlfn.LOGNORM.INV(RAND(),MV2,Sigma1),IF(RAND()<CondGood,_xlfn.LOGNORM.INV(RAND(),MV3,Sigma2),MIN(MaxMultiple,Xm/(1-RAND())^(1/Alpha))))) -> 0 | W28: =IF(RAND()<P_Zero,0,IF(RAND()<CondReturn,_xlfn.LOGNORM.INV(RAND(),MV2,Sigma1),IF(RAND()<CondGood,_xlfn.LOGNORM.INV(RAND(),MV3,Sigma2),MIN(MaxMultiple,Xm/(1-RAND())^(1/Alpha))))) -> 1.6056924 | X28: =IF(RAND()<P_Zero,0,IF(RAND()<CondReturn,_xlfn.LOGNORM.INV(RAND(),MV2,Sigma1),IF(RAND()<CondGood,_xlfn.LOGNORM.INV(RAND(),MV3,Sigma2),MIN(MaxMultiple,Xm/(1-RAND())^(1/Alpha))))) -> 2.3828132 | Y28: =IF(RAND()<P_Zero,0,IF(RAND()<CondReturn,_xlfn.LOGNORM.INV(RAND(),MV2,Sigma1),IF(RAND()<CondGood,_xlfn.LOGNORM.INV(RAND(),MV3,Sigma2),MIN(MaxMultiple,Xm/(1-RAND())^(1/Alpha))))) -> 0 | Z28: =IF(RAND()<P_Zero,0,IF(RAND()<CondReturn,_xlfn.LOGNORM.INV(RAND(),MV2,Sigma1),IF(RAND()<CondGood,_xlfn.LOGNORM.INV(RAND(),MV3,Sigma2),MIN(MaxMultiple,Xm/(1-RAND())^(1/Alpha))))) -> 0 | AA28: =IF(RAND()<P_Zero,0,IF(RAND()<CondReturn,_xlfn.LOGNORM.INV(RAND(),MV2,Sigma1),IF(RAND()<CondGood,_xlfn.LOGNORM.INV(RAND(),MV3,Sigma2),MIN(MaxMultiple,Xm/(1-RAND())^(1/Alpha))))) -> 0 | AB28: =AVERAGE(C28:AA28) -> 4.1534669 | AC28: =AB28*InvestableCapital -> 1.9936641e+08 | AD28: =AC28-InvestableCapital -> 1.5136641e+08 | AE28: =HurdleToggle*InvestableCapital*((1+HurdleRate)^FeeYears-1) -> 55628400 | AF28: =MAX(0,AD28-AE28) -> 95738011 | AG28: =CarryRate*AF28 -> 19147602 | AH28: =AC28-AG28 -> 1.8021881e+08 | AI28: =AH28/FundSize -> 3.0036468
B29: 24 | C29: =IF(RAND()<P_Zero,0,IF(RAND()<CondReturn,_xlfn.LOGNORM.INV(RAND(),MV2,Sigma1),IF(RAND()<CondGood,_xlfn.LOGNORM.INV(RAND(),MV3,Sigma2),MIN(MaxMultiple,Xm/(1-RAND())^(1/Alpha))))) -> 35.079613 | D29: =IF(RAND()<P_Zero,0,IF(RAND()<CondReturn,_xlfn.LOGNORM.INV(RAND(),MV2,Sigma1),IF(RAND()<CondGood,_xlfn.LOGNORM.INV(RAND(),MV3,Sigma2),MIN(MaxMultiple,Xm/(1-RAND())^(1/Alpha))))) -> 13.108735 | E29: =IF(RAND()<P_Zero,0,IF(RAND()<CondReturn,_xlfn.LOGNORM.INV(RAND(),MV2,Sigma1),IF(RAND()<CondGood,_xlfn.LOGNORM.INV(RAND(),MV3,Sigma2),MIN(MaxMultiple,Xm/(1-RAND())^(1/Alpha))))) -> 0 | F29: =IF(RAND()<P_Zero,0,IF(RAND()<CondReturn,_xlfn.LOGNORM.INV(RAND(),MV2,Sigma1),IF(RAND()<CondGood,_xlfn.LOGNORM.INV(RAND(),MV3,Sigma2),MIN(MaxMultiple,Xm/(1-RAND())^(1/Alpha))))) -> 140.95175 | G29: =IF(RAND()<P_Zero,0,IF(RAND()<CondReturn,_xlfn.LOGNORM.INV(RAND(),MV2,Sigma1),IF(RAND()<CondGood,_xlfn.LOGNORM.INV(RAND(),MV3,Sigma2),MIN(MaxMultiple,Xm/(1-RAND())^(1/Alpha))))) -> 0 | H29: =IF(RAND()<P_Zero,0,IF(RAND()<CondReturn,_xlfn.LOGNORM.INV(RAND(),MV2,Sigma1),IF(RAND()<CondGood,_xlfn.LOGNORM.INV(RAND(),MV3,Sigma2),MIN(MaxMultiple,Xm/(1-RAND())^(1/Alpha))))) -> 0.81024582 | I29: =IF(RAND()<P_Zero,0,IF(RAND()<CondReturn,_xlfn.LOGNORM.INV(RAND(),MV2,Sigma1),IF(RAND()<CondGood,_xlfn.LOGNORM.INV(RAND(),MV3,Sigma2),MIN(MaxMultiple,Xm/(1-RAND())^(1/Alpha))))) -> 0.51984586 | J29: =IF(RAND()<P_Zero,0,IF(RAND()<CondReturn,_xlfn.LOGNORM.INV(RAND(),MV2,Sigma1),IF(RAND()<CondGood,_xlfn.LOGNORM.INV(RAND(),MV3,Sigma2),MIN(MaxMultiple,Xm/(1-RAND())^(1/Alpha))))) -> 0.58404979 | K29: =IF(RAND()<P_Zero,0,IF(RAND()<CondReturn,_xlfn.LOGNORM.INV(RAND(),MV2,Sigma1),IF(RAND()<CondGood,_xlfn.LOGNORM.INV(RAND(),MV3,Sigma2),MIN(MaxMultiple,Xm/(1-RAND())^(1/Alpha))))) -> 1.8388942 | L29: =IF(RAND()<P_Zero,0,IF(RAND()<CondReturn,_xlfn.LOGNORM.INV(RAND(),MV2,Sigma1),IF(RAND()<CondGood,_xlfn.LOGNORM.INV(RAND(),MV3,Sigma2),MIN(MaxMultiple,Xm/(1-RAND())^(1/Alpha))))) -> 23.983954 | M29: =IF(RAND()<P_Zero,0,IF(RAND()<CondReturn,_xlfn.LOGNORM.INV(RAND(),MV2,Sigma1),IF(RAND()<CondGood,_xlfn.LOGNORM.INV(RAND(),MV3,Sigma2),MIN(MaxMultiple,Xm/(1-RAND())^(1/Alpha))))) -> 0.40717112 | N29: =IF(RAND()<P_Zero,0,IF(RAND()<CondReturn,_xlfn.LOGNORM.INV(RAND(),MV2,Sigma1),IF(RAND()<CondGood,_xlfn.LOGNORM.INV(RAND(),MV3,Sigma2),MIN(MaxMultiple,Xm/(1-RAND())^(1/Alpha))))) -> 0 | O29: =IF(RAND()<P_Zero,0,IF(RAND()<CondReturn,_xlfn.LOGNORM.INV(RAND(),MV2,Sigma1),IF(RAND()<CondGood,_xlfn.LOGNORM.INV(RAND(),MV3,Sigma2),MIN(MaxMultiple,Xm/(1-RAND())^(1/Alpha))))) -> 14.663698 | P29: =IF(RAND()<P_Zero,0,IF(RAND()<CondReturn,_xlfn.LOGNORM.INV(RAND(),MV2,Sigma1),IF(RAND()<CondGood,_xlfn.LOGNORM.INV(RAND(),MV3,Sigma2),MIN(MaxMultiple,Xm/(1-RAND())^(1/Alpha))))) -> 0.68510834 | Q29: =IF(RAND()<P_Zero,0,IF(RAND()<CondReturn,_xlfn.LOGNORM.INV(RAND(),MV2,Sigma1),IF(RAND()<CondGood,_xlfn.LOGNORM.INV(RAND(),MV3,Sigma2),MIN(MaxMultiple,Xm/(1-RAND())^(1/Alpha))))) -> 0 | R29: =IF(RAND()<P_Zero,0,IF(RAND()<CondReturn,_xlfn.LOGNORM.INV(RAND(),MV2,Sigma1),IF(RAND()<CondGood,_xlfn.LOGNORM.INV(RAND(),MV3,Sigma2),MIN(MaxMultiple,Xm/(1-RAND())^(1/Alpha))))) -> 1.5364432 | S29: =IF(RAND()<P_Zero,0,IF(RAND()<CondReturn,_xlfn.LOGNORM.INV(RAND(),MV2,Sigma1),IF(RAND()<CondGood,_xlfn.LOGNORM.INV(RAND(),MV3,Sigma2),MIN(MaxMultiple,Xm/(1-RAND())^(1/Alpha))))) -> 0 | T29: =IF(RAND()<P_Zero,0,IF(RAND()<CondReturn,_xlfn.LOGNORM.INV(RAND(),MV2,Sigma1),IF(RAND()<CondGood,_xlfn.LOGNORM.INV(RAND(),MV3,Sigma2),MIN(MaxMultiple,Xm/(1-RAND())^(1/Alpha))))) -> 0 | U29: =IF(RAND()<P_Zero,0,IF(RAND()<CondReturn,_xlfn.LOGNORM.INV(RAND(),MV2,Sigma1),IF(RAND()<CondGood,_xlfn.LOGNORM.INV(RAND(),MV3,Sigma2),MIN(MaxMultiple,Xm/(1-RAND())^(1/Alpha))))) -> 0 | V29: =IF(RAND()<P_Zero,0,IF(RAND()<CondReturn,_xlfn.LOGNORM.INV(RAND(),MV2,Sigma1),IF(RAND()<CondGood,_xlfn.LOGNORM.INV(RAND(),MV3,Sigma2),MIN(MaxMultiple,Xm/(1-RAND())^(1/Alpha))))) -> 0.51156514 | W29: =IF(RAND()<P_Zero,0,IF(RAND()<CondReturn,_xlfn.LOGNORM.INV(RAND(),MV2,Sigma1),IF(RAND()<CondGood,_xlfn.LOGNORM.INV(RAND(),MV3,Sigma2),MIN(MaxMultiple,Xm/(1-RAND())^(1/Alpha))))) -> 0 | X29: =IF(RAND()<P_Zero,0,IF(RAND()<CondReturn,_xlfn.LOGNORM.INV(RAND(),MV2,Sigma1),IF(RAND()<CondGood,_xlfn.LOGNORM.INV(RAND(),MV3,Sigma2),MIN(MaxMultiple,Xm/(1-RAND())^(1/Alpha))))) -> 0 | Y29: =IF(RAND()<P_Zero,0,IF(RAND()<CondReturn,_xlfn.LOGNORM.INV(RAND(),MV2,Sigma1),IF(RAND()<CondGood,_xlfn.LOGNORM.INV(RAND(),MV3,Sigma2),MIN(MaxMultiple,Xm/(1-RAND())^(1/Alpha))))) -> 1.1243946 | Z29: =IF(RAND()<P_Zero,0,IF(RAND()<CondReturn,_xlfn.LOGNORM.INV(RAND(),MV2,Sigma1),IF(RAND()<CondGood,_xlfn.LOGNORM.INV(RAND(),MV3,Sigma2),MIN(MaxMultiple,Xm/(1-RAND())^(1/Alpha))))) -> 1.357192 | AA29: =IF(RAND()<P_Zero,0,IF(RAND()<CondReturn,_xlfn.LOGNORM.INV(RAND(),MV2,Sigma1),IF(RAND()<CondGood,_xlfn.LOGNORM.INV(RAND(),MV3,Sigma2),MIN(MaxMultiple,Xm/(1-RAND())^(1/Alpha))))) -> 0.62375239 | AB29: =AVERAGE(C29:AA29) -> 9.5114566 | AC29: =AB29*InvestableCapital -> 4.5654992e+08 | AD29: =AC29-InvestableCapital -> 4.0854992e+08 | AE29: =HurdleToggle*InvestableCapital*((1+HurdleRate)^FeeYears-1) -> 55628400 | AF29: =MAX(0,AD29-AE29) -> 3.5292152e+08 | AG29: =CarryRate*AF29 -> 70584304 | AH29: =AC29-AG29 -> 3.8596561e+08 | AI29: =AH29/FundSize -> 6.4327602
B30: 25 | C30: =IF(RAND()<P_Zero,0,IF(RAND()<CondReturn,_xlfn.LOGNORM.INV(RAND(),MV2,Sigma1),IF(RAND()<CondGood,_xlfn.LOGNORM.INV(RAND(),MV3,Sigma2),MIN(MaxMultiple,Xm/(1-RAND())^(1/Alpha))))) -> 11.950905 | D30: =IF(RAND()<P_Zero,0,IF(RAND()<CondReturn,_xlfn.LOGNORM.INV(RAND(),MV2,Sigma1),IF(RAND()<CondGood,_xlfn.LOGNORM.INV(RAND(),MV3,Sigma2),MIN(MaxMultiple,Xm/(1-RAND())^(1/Alpha))))) -> 0 | E30: =IF(RAND()<P_Zero,0,IF(RAND()<CondReturn,_xlfn.LOGNORM.INV(RAND(),MV2,Sigma1),IF(RAND()<CondGood,_xlfn.LOGNORM.INV(RAND(),MV3,Sigma2),MIN(MaxMultiple,Xm/(1-RAND())^(1/Alpha))))) -> 0.55571834 | F30: =IF(RAND()<P_Zero,0,IF(RAND()<CondReturn,_xlfn.LOGNORM.INV(RAND(),MV2,Sigma1),IF(RAND()<CondGood,_xlfn.LOGNORM.INV(RAND(),MV3,Sigma2),MIN(MaxMultiple,Xm/(1-RAND())^(1/Alpha))))) -> 0 | G30: =IF(RAND()<P_Zero,0,IF(RAND()<CondReturn,_xlfn.LOGNORM.INV(RAND(),MV2,Sigma1),IF(RAND()<CondGood,_xlfn.LOGNORM.INV(RAND(),MV3,Sigma2),MIN(MaxMultiple,Xm/(1-RAND())^(1/Alpha))))) -> 0 | H30: =IF(RAND()<P_Zero,0,IF(RAND()<CondReturn,_xlfn.LOGNORM.INV(RAND(),MV2,Sigma1),IF(RAND()<CondGood,_xlfn.LOGNORM.INV(RAND(),MV3,Sigma2),MIN(MaxMultiple,Xm/(1-RAND())^(1/Alpha))))) -> 0.77544486 | I30: =IF(RAND()<P_Zero,0,IF(RAND()<CondReturn,_xlfn.LOGNORM.INV(RAND(),MV2,Sigma1),IF(RAND()<CondGood,_xlfn.LOGNORM.INV(RAND(),MV3,Sigma2),MIN(MaxMultiple,Xm/(1-RAND())^(1/Alpha))))) -> 0 | J30: =IF(RAND()<P_Zero,0,IF(RAND()<CondReturn,_xlfn.LOGNORM.INV(RAND(),MV2,Sigma1),IF(RAND()<CondGood,_xlfn.LOGNORM.INV(RAND(),MV3,Sigma2),MIN(MaxMultiple,Xm/(1-RAND())^(1/Alpha))))) -> 1.1373438 | K30: =IF(RAND()<P_Zero,0,IF(RAND()<CondReturn,_xlfn.LOGNORM.INV(RAND(),MV2,Sigma1),IF(RAND()<CondGood,_xlfn.LOGNORM.INV(RAND(),MV3,Sigma2),MIN(MaxMultiple,Xm/(1-RAND())^(1/Alpha))))) -> 1.5160423 | L30: =IF(RAND()<P_Zero,0,IF(RAND()<CondReturn,_xlfn.LOGNORM.INV(RAND(),MV2,Sigma1),IF(RAND()<CondGood,_xlfn.LOGNORM.INV(RAND(),MV3,Sigma2),MIN(MaxMultiple,Xm/(1-RAND())^(1/Alpha))))) -> 0 | M30: =IF(RAND()<P_Zero,0,IF(RAND()<CondReturn,_xlfn.LOGNORM.INV(RAND(),MV2,Sigma1),IF(RAND()<CondGood,_xlfn.LOGNORM.INV(RAND(),MV3,Sigma2),MIN(MaxMultiple,Xm/(1-RAND())^(1/Alpha))))) -> 0.79254159 | N30: =IF(RAND()<P_Zero,0,IF(RAND()<CondReturn,_xlfn.LOGNORM.INV(RAND(),MV2,Sigma1),IF(RAND()<CondGood,_xlfn.LOGNORM.INV(RAND(),MV3,Sigma2),MIN(MaxMultiple,Xm/(1-RAND())^(1/Alpha))))) -> 12.794135 | O30: =IF(RAND()<P_Zero,0,IF(RAND()<CondReturn,_xlfn.LOGNORM.INV(RAND(),MV2,Sigma1),IF(RAND()<CondGood,_xlfn.LOGNORM.INV(RAND(),MV3,Sigma2),MIN(MaxMultiple,Xm/(1-RAND())^(1/Alpha))))) -> 0 | P30: =IF(RAND()<P_Zero,0,IF(RAND()<CondReturn,_xlfn.LOGNORM.INV(RAND(),MV2,Sigma1),IF(RAND()<CondGood,_xlfn.LOGNORM.INV(RAND(),MV3,Sigma2),MIN(MaxMultiple,Xm/(1-RAND())^(1/Alpha))))) -> 1.0806493 | Q30: =IF(RAND()<P_Zero,0,IF(RAND()<CondReturn,_xlfn.LOGNORM.INV(RAND(),MV2,Sigma1),IF(RAND()<CondGood,_xlfn.LOGNORM.INV(RAND(),MV3,Sigma2),MIN(MaxMultiple,Xm/(1-RAND())^(1/Alpha))))) -> 0 | R30: =IF(RAND()<P_Zero,0,IF(RAND()<CondReturn,_xlfn.LOGNORM.INV(RAND(),MV2,Sigma1),IF(RAND()<CondGood,_xlfn.LOGNORM.INV(RAND(),MV3,Sigma2),MIN(MaxMultiple,Xm/(1-RAND())^(1/Alpha))))) -> 0 | S30: =IF(RAND()<P_Zero,0,IF(RAND()<CondReturn,_xlfn.LOGNORM.INV(RAND(),MV2,Sigma1),IF(RAND()<CondGood,_xlfn.LOGNORM.INV(RAND(),MV3,Sigma2),MIN(MaxMultiple,Xm/(1-RAND())^(1/Alpha))))) -> 0 | T30: =IF(RAND()<P_Zero,0,IF(RAND()<CondReturn,_xlfn.LOGNORM.INV(RAND(),MV2,Sigma1),IF(RAND()<CondGood,_xlfn.LOGNORM.INV(RAND(),MV3,Sigma2),MIN(MaxMultiple,Xm/(1-RAND())^(1/Alpha))))) -> 0 | U30: =IF(RAND()<P_Zero,0,IF(RAND()<CondReturn,_xlfn.LOGNORM.INV(RAND(),MV2,Sigma1),IF(RAND()<CondGood,_xlfn.LOGNORM.INV(RAND(),MV3,Sigma2),MIN(MaxMultiple,Xm/(1-RAND())^(1/Alpha))))) -> 0 | V30: =IF(RAND()<P_Zero,0,IF(RAND()<CondReturn,_xlfn.LOGNORM.INV(RAND(),MV2,Sigma1),IF(RAND()<CondGood,_xlfn.LOGNORM.INV(RAND(),MV3,Sigma2),MIN(MaxMultiple,Xm/(1-RAND())^(1/Alpha))))) -> 1.0581543 | W30: =IF(RAND()<P_Zero,0,IF(RAND()<CondReturn,_xlfn.LOGNORM.INV(RAND(),MV2,Sigma1),IF(RAND()<CondGood,_xlfn.LOGNORM.INV(RAND(),MV3,Sigma2),MIN(MaxMultiple,Xm/(1-RAND())^(1/Alpha))))) -> 1.8461624 | X30: =IF(RAND()<P_Zero,0,IF(RAND()<CondReturn,_xlfn.LOGNORM.INV(RAND(),MV2,Sigma1),IF(RAND()<CondGood,_xlfn.LOGNORM.INV(RAND(),MV3,Sigma2),MIN(MaxMultiple,Xm/(1-RAND())^(1/Alpha))))) -> 0 | Y30: =IF(RAND()<P_Zero,0,IF(RAND()<CondReturn,_xlfn.LOGNORM.INV(RAND(),MV2,Sigma1),IF(RAND()<CondGood,_xlfn.LOGNORM.INV(RAND(),MV3,Sigma2),MIN(MaxMultiple,Xm/(1-RAND())^(1/Alpha))))) -> 0.90050292 | Z30: =IF(RAND()<P_Zero,0,IF(RAND()<CondReturn,_xlfn.LOGNORM.INV(RAND(),MV2,Sigma1),IF(RAND()<CondGood,_xlfn.LOGNORM.INV(RAND(),MV3,Sigma2),MIN(MaxMultiple,Xm/(1-RAND())^(1/Alpha))))) -> 0.69393002 | AA30: =IF(RAND()<P_Zero,0,IF(RAND()<CondReturn,_xlfn.LOGNORM.INV(RAND(),MV2,Sigma1),IF(RAND()<CondGood,_xlfn.LOGNORM.INV(RAND(),MV3,Sigma2),MIN(MaxMultiple,Xm/(1-RAND())^(1/Alpha))))) -> 0 | AB30: =AVERAGE(C30:AA30) -> 1.4040612 | AC30: =AB30*InvestableCapital -> 67394937 | AD30: =AC30-InvestableCapital -> 19394937 | AE30: =HurdleToggle*InvestableCapital*((1+HurdleRate)^FeeYears-1) -> 55628400 | AF30: =MAX(0,AD30-AE30) -> 0 | AG30: =CarryRate*AF30 -> 0 | AH30: =AC30-AG30 -> 67394937 | AI30: =AH30/FundSize -> 1.1232489
B31: 26 | C31: =IF(RAND()<P_Zero,0,IF(RAND()<CondReturn,_xlfn.LOGNORM.INV(RAND(),MV2,Sigma1),IF(RAND()<CondGood,_xlfn.LOGNORM.INV(RAND(),MV3,Sigma2),MIN(MaxMultiple,Xm/(1-RAND())^(1/Alpha))))) -> 0 | D31: =IF(RAND()<P_Zero,0,IF(RAND()<CondReturn,_xlfn.LOGNORM.INV(RAND(),MV2,Sigma1),IF(RAND()<CondGood,_xlfn.LOGNORM.INV(RAND(),MV3,Sigma2),MIN(MaxMultiple,Xm/(1-RAND())^(1/Alpha))))) -> 0.67475668 | E31: =IF(RAND()<P_Zero,0,IF(RAND()<CondReturn,_xlfn.LOGNORM.INV(RAND(),MV2,Sigma1),IF(RAND()<CondGood,_xlfn.LOGNORM.INV(RAND(),MV3,Sigma2),MIN(MaxMultiple,Xm/(1-RAND())^(1/Alpha))))) -> 1.1500363 | F31: =IF(RAND()<P_Zero,0,IF(RAND()<CondReturn,_xlfn.LOGNORM.INV(RAND(),MV2,Sigma1),IF(RAND()<CondGood,_xlfn.LOGNORM.INV(RAND(),MV3,Sigma2),MIN(MaxMultiple,Xm/(1-RAND())^(1/Alpha))))) -> 0 | G31: =IF(RAND()<P_Zero,0,IF(RAND()<CondReturn,_xlfn.LOGNORM.INV(RAND(),MV2,Sigma1),IF(RAND()<CondGood,_xlfn.LOGNORM.INV(RAND(),MV3,Sigma2),MIN(MaxMultiple,Xm/(1-RAND())^(1/Alpha))))) -> 1.6538222 | H31: =IF(RAND()<P_Zero,0,IF(RAND()<CondReturn,_xlfn.LOGNORM.INV(RAND(),MV2,Sigma1),IF(RAND()<CondGood,_xlfn.LOGNORM.INV(RAND(),MV3,Sigma2),MIN(MaxMultiple,Xm/(1-RAND())^(1/Alpha))))) -> 1.161428 | I31: =IF(RAND()<P_Zero,0,IF(RAND()<CondReturn,_xlfn.LOGNORM.INV(RAND(),MV2,Sigma1),IF(RAND()<CondGood,_xlfn.LOGNORM.INV(RAND(),MV3,Sigma2),MIN(MaxMultiple,Xm/(1-RAND())^(1/Alpha))))) -> 2.6871754 | J31: =IF(RAND()<P_Zero,0,IF(RAND()<CondReturn,_xlfn.LOGNORM.INV(RAND(),MV2,Sigma1),IF(RAND()<CondGood,_xlfn.LOGNORM.INV(RAND(),MV3,Sigma2),MIN(MaxMultiple,Xm/(1-RAND())^(1/Alpha))))) -> 0 | K31: =IF(RAND()<P_Zero,0,IF(RAND()<CondReturn,_xlfn.LOGNORM.INV(RAND(),MV2,Sigma1),IF(RAND()<CondGood,_xlfn.LOGNORM.INV(RAND(),MV3,Sigma2),MIN(MaxMultiple,Xm/(1-RAND())^(1/Alpha))))) -> 1.0127524 | L31: =IF(RAND()<P_Zero,0,IF(RAND()<CondReturn,_xlfn.LOGNORM.INV(RAND(),MV2,Sigma1),IF(RAND()<CondGood,_xlfn.LOGNORM.INV(RAND(),MV3,Sigma2),MIN(MaxMultiple,Xm/(1-RAND())^(1/Alpha))))) -> 0 | M31: =IF(RAND()<P_Zero,0,IF(RAND()<CondReturn,_xlfn.LOGNORM.INV(RAND(),MV2,Sigma1),IF(RAND()<CondGood,_xlfn.LOGNORM.INV(RAND(),MV3,Sigma2),MIN(MaxMultiple,Xm/(1-RAND())^(1/Alpha))))) -> 0.93031668 | N31: =IF(RAND()<P_Zero,0,IF(RAND()<CondReturn,_xlfn.LOGNORM.INV(RAND(),MV2,Sigma1),IF(RAND()<CondGood,_xlfn.LOGNORM.INV(RAND(),MV3,Sigma2),MIN(MaxMultiple,Xm/(1-RAND())^(1/Alpha))))) -> 0 | O31: =IF(RAND()<P_Zero,0,IF(RAND()<CondReturn,_xlfn.LOGNORM.INV(RAND(),MV2,Sigma1),IF(RAND()<CondGood,_xlfn.LOGNORM.INV(RAND(),MV3,Sigma2),MIN(MaxMultiple,Xm/(1-RAND())^(1/Alpha))))) -> 0 | P31: =IF(RAND()<P_Zero,0,IF(RAND()<CondReturn,_xlfn.LOGNORM.INV(RAND(),MV2,Sigma1),IF(RAND()<CondGood,_xlfn.LOGNORM.INV(RAND(),MV3,Sigma2),MIN(MaxMultiple,Xm/(1-RAND())^(1/Alpha))))) -> 2.0686953 | Q31: =IF(RAND()<P_Zero,0,IF(RAND()<CondReturn,_xlfn.LOGNORM.INV(RAND(),MV2,Sigma1),IF(RAND()<CondGood,_xlfn.LOGNORM.INV(RAND(),MV3,Sigma2),MIN(MaxMultiple,Xm/(1-RAND())^(1/Alpha))))) -> 0 | R31: =IF(RAND()<P_Zero,0,IF(RAND()<CondReturn,_xlfn.LOGNORM.INV(RAND(),MV2,Sigma1),IF(RAND()<CondGood,_xlfn.LOGNORM.INV(RAND(),MV3,Sigma2),MIN(MaxMultiple,Xm/(1-RAND())^(1/Alpha))))) -> 0 | S31: =IF(RAND()<P_Zero,0,IF(RAND()<CondReturn,_xlfn.LOGNORM.INV(RAND(),MV2,Sigma1),IF(RAND()<CondGood,_xlfn.LOGNORM.INV(RAND(),MV3,Sigma2),MIN(MaxMultiple,Xm/(1-RAND())^(1/Alpha))))) -> 0.65389786 | T31: =IF(RAND()<P_Zero,0,IF(RAND()<CondReturn,_xlfn.LOGNORM.INV(RAND(),MV2,Sigma1),IF(RAND()<CondGood,_xlfn.LOGNORM.INV(RAND(),MV3,Sigma2),MIN(MaxMultiple,Xm/(1-RAND())^(1/Alpha))))) -> 0.41293641 | U31: =IF(RAND()<P_Zero,0,IF(RAND()<CondReturn,_xlfn.LOGNORM.INV(RAND(),MV2,Sigma1),IF(RAND()<CondGood,_xlfn.LOGNORM.INV(RAND(),MV3,Sigma2),MIN(MaxMultiple,Xm/(1-RAND())^(1/Alpha))))) -> 0 | V31: =IF(RAND()<P_Zero,0,IF(RAND()<CondReturn,_xlfn.LOGNORM.INV(RAND(),MV2,Sigma1),IF(RAND()<CondGood,_xlfn.LOGNORM.INV(RAND(),MV3,Sigma2),MIN(MaxMultiple,Xm/(1-RAND())^(1/Alpha))))) -> 0 | W31: =IF(RAND()<P_Zero,0,IF(RAND()<CondReturn,_xlfn.LOGNORM.INV(RAND(),MV2,Sigma1),IF(RAND()<CondGood,_xlfn.LOGNORM.INV(RAND(),MV3,Sigma2),MIN(MaxMultiple,Xm/(1-RAND())^(1/Alpha))))) -> 0 | X31: =IF(RAND()<P_Zero,0,IF(RAND()<CondReturn,_xlfn.LOGNORM.INV(RAND(),MV2,Sigma1),IF(RAND()<CondGood,_xlfn.LOGNORM.INV(RAND(),MV3,Sigma2),MIN(MaxMultiple,Xm/(1-RAND())^(1/Alpha))))) -> 0 | Y31: =IF(RAND()<P_Zero,0,IF(RAND()<CondReturn,_xlfn.LOGNORM.INV(RAND(),MV2,Sigma1),IF(RAND()<CondGood,_xlfn.LOGNORM.INV(RAND(),MV3,Sigma2),MIN(MaxMultiple,Xm/(1-RAND())^(1/Alpha))))) -> 0 | Z31: =IF(RAND()<P_Zero,0,IF(RAND()<CondReturn,_xlfn.LOGNORM.INV(RAND(),MV2,Sigma1),IF(RAND()<CondGood,_xlfn.LOGNORM.INV(RAND(),MV3,Sigma2),MIN(MaxMultiple,Xm/(1-RAND())^(1/Alpha))))) -> 15.237626 | AA31: =IF(RAND()<P_Zero,0,IF(RAND()<CondReturn,_xlfn.LOGNORM.INV(RAND(),MV2,Sigma1),IF(RAND()<CondGood,_xlfn.LOGNORM.INV(RAND(),MV3,Sigma2),MIN(MaxMultiple,Xm/(1-RAND())^(1/Alpha))))) -> 1.1037699 | AB31: =AVERAGE(C31:AA31) -> 1.1498885 | AC31: =AB31*InvestableCapital -> 55194650 | AD31: =AC31-InvestableCapital -> 7194650.1 | AE31: =HurdleToggle*InvestableCapital*((1+HurdleRate)^FeeYears-1) -> 55628400 | AF31: =MAX(0,AD31-AE31) -> 0 | AG31: =CarryRate*AF31 -> 0 | AH31: =AC31-AG31 -> 55194650 | AI31: =AH31/FundSize -> 0.91991084
B32: 27 | C32: =IF(RAND()<P_Zero,0,IF(RAND()<CondReturn,_xlfn.LOGNORM.INV(RAND(),MV2,Sigma1),IF(RAND()<CondGood,_xlfn.LOGNORM.INV(RAND(),MV3,Sigma2),MIN(MaxMultiple,Xm/(1-RAND())^(1/Alpha))))) -> 0 | D32: =IF(RAND()<P_Zero,0,IF(RAND()<CondReturn,_xlfn.LOGNORM.INV(RAND(),MV2,Sigma1),IF(RAND()<CondGood,_xlfn.LOGNORM.INV(RAND(),MV3,Sigma2),MIN(MaxMultiple,Xm/(1-RAND())^(1/Alpha))))) -> 0.4828787 | E32: =IF(RAND()<P_Zero,0,IF(RAND()<CondReturn,_xlfn.LOGNORM.INV(RAND(),MV2,Sigma1),IF(RAND()<CondGood,_xlfn.LOGNORM.INV(RAND(),MV3,Sigma2),MIN(MaxMultiple,Xm/(1-RAND())^(1/Alpha))))) -> 1.0679619 | F32: =IF(RAND()<P_Zero,0,IF(RAND()<CondReturn,_xlfn.LOGNORM.INV(RAND(),MV2,Sigma1),IF(RAND()<CondGood,_xlfn.LOGNORM.INV(RAND(),MV3,Sigma2),MIN(MaxMultiple,Xm/(1-RAND())^(1/Alpha))))) -> 0 | G32: =IF(RAND()<P_Zero,0,IF(RAND()<CondReturn,_xlfn.LOGNORM.INV(RAND(),MV2,Sigma1),IF(RAND()<CondGood,_xlfn.LOGNORM.INV(RAND(),MV3,Sigma2),MIN(MaxMultiple,Xm/(1-RAND())^(1/Alpha))))) -> 1.7228871 | H32: =IF(RAND()<P_Zero,0,IF(RAND()<CondReturn,_xlfn.LOGNORM.INV(RAND(),MV2,Sigma1),IF(RAND()<CondGood,_xlfn.LOGNORM.INV(RAND(),MV3,Sigma2),MIN(MaxMultiple,Xm/(1-RAND())^(1/Alpha))))) -> 0 | I32: =IF(RAND()<P_Zero,0,IF(RAND()<CondReturn,_xlfn.LOGNORM.INV(RAND(),MV2,Sigma1),IF(RAND()<CondGood,_xlfn.LOGNORM.INV(RAND(),MV3,Sigma2),MIN(MaxMultiple,Xm/(1-RAND())^(1/Alpha))))) -> 1.1279295 | J32: =IF(RAND()<P_Zero,0,IF(RAND()<CondReturn,_xlfn.LOGNORM.INV(RAND(),MV2,Sigma1),IF(RAND()<CondGood,_xlfn.LOGNORM.INV(RAND(),MV3,Sigma2),MIN(MaxMultiple,Xm/(1-RAND())^(1/Alpha))))) -> 0 | K32: =IF(RAND()<P_Zero,0,IF(RAND()<CondReturn,_xlfn.LOGNORM.INV(RAND(),MV2,Sigma1),IF(RAND()<CondGood,_xlfn.LOGNORM.INV(RAND(),MV3,Sigma2),MIN(MaxMultiple,Xm/(1-RAND())^(1/Alpha))))) -> 1.709651 | L32: =IF(RAND()<P_Zero,0,IF(RAND()<CondReturn,_xlfn.LOGNORM.INV(RAND(),MV2,Sigma1),IF(RAND()<CondGood,_xlfn.LOGNORM.INV(RAND(),MV3,Sigma2),MIN(MaxMultiple,Xm/(1-RAND())^(1/Alpha))))) -> 0 | M32: =IF(RAND()<P_Zero,0,IF(RAND()<CondReturn,_xlfn.LOGNORM.INV(RAND(),MV2,Sigma1),IF(RAND()<CondGood,_xlfn.LOGNORM.INV(RAND(),MV3,Sigma2),MIN(MaxMultiple,Xm/(1-RAND())^(1/Alpha))))) -> 0 | N32: =IF(RAND()<P_Zero,0,IF(RAND()<CondReturn,_xlfn.LOGNORM.INV(RAND(),MV2,Sigma1),IF(RAND()<CondGood,_xlfn.LOGNORM.INV(RAND(),MV3,Sigma2),MIN(MaxMultiple,Xm/(1-RAND())^(1/Alpha))))) -> 0 | O32: =IF(RAND()<P_Zero,0,IF(RAND()<CondReturn,_xlfn.LOGNORM.INV(RAND(),MV2,Sigma1),IF(RAND()<CondGood,_xlfn.LOGNORM.INV(RAND(),MV3,Sigma2),MIN(MaxMultiple,Xm/(1-RAND())^(1/Alpha))))) -> 0.73635446 | P32: =IF(RAND()<P_Zero,0,IF(RAND()<CondReturn,_xlfn.LOGNORM.INV(RAND(),MV2,Sigma1),IF(RAND()<CondGood,_xlfn.LOGNORM.INV(RAND(),MV3,Sigma2),MIN(MaxMultiple,Xm/(1-RAND())^(1/Alpha))))) -> 0.9416005 | Q32: =IF(RAND()<P_Zero,0,IF(RAND()<CondReturn,_xlfn.LOGNORM.INV(RAND(),MV2,Sigma1),IF(RAND()<CondGood,_xlfn.LOGNORM.INV(RAND(),MV3,Sigma2),MIN(MaxMultiple,Xm/(1-RAND())^(1/Alpha))))) -> 168.64783 | R32: =IF(RAND()<P_Zero,0,IF(RAND()<CondReturn,_xlfn.LOGNORM.INV(RAND(),MV2,Sigma1),IF(RAND()<CondGood,_xlfn.LOGNORM.INV(RAND(),MV3,Sigma2),MIN(MaxMultiple,Xm/(1-RAND())^(1/Alpha))))) -> 2.5156978 | S32: =IF(RAND()<P_Zero,0,IF(RAND()<CondReturn,_xlfn.LOGNORM.INV(RAND(),MV2,Sigma1),IF(RAND()<CondGood,_xlfn.LOGNORM.INV(RAND(),MV3,Sigma2),MIN(MaxMultiple,Xm/(1-RAND())^(1/Alpha))))) -> 0 | T32: =IF(RAND()<P_Zero,0,IF(RAND()<CondReturn,_xlfn.LOGNORM.INV(RAND(),MV2,Sigma1),IF(RAND()<CondGood,_xlfn.LOGNORM.INV(RAND(),MV3,Sigma2),MIN(MaxMultiple,Xm/(1-RAND())^(1/Alpha))))) -> 53.137299 | U32: =IF(RAND()<P_Zero,0,IF(RAND()<CondReturn,_xlfn.LOGNORM.INV(RAND(),MV2,Sigma1),IF(RAND()<CondGood,_xlfn.LOGNORM.INV(RAND(),MV3,Sigma2),MIN(MaxMultiple,Xm/(1-RAND())^(1/Alpha))))) -> 1.0054878 | V32: =IF(RAND()<P_Zero,0,IF(RAND()<CondReturn,_xlfn.LOGNORM.INV(RAND(),MV2,Sigma1),IF(RAND()<CondGood,_xlfn.LOGNORM.INV(RAND(),MV3,Sigma2),MIN(MaxMultiple,Xm/(1-RAND())^(1/Alpha))))) -> 0 | W32: =IF(RAND()<P_Zero,0,IF(RAND()<CondReturn,_xlfn.LOGNORM.INV(RAND(),MV2,Sigma1),IF(RAND()<CondGood,_xlfn.LOGNORM.INV(RAND(),MV3,Sigma2),MIN(MaxMultiple,Xm/(1-RAND())^(1/Alpha))))) -> 0 | X32: =IF(RAND()<P_Zero,0,IF(RAND()<CondReturn,_xlfn.LOGNORM.INV(RAND(),MV2,Sigma1),IF(RAND()<CondGood,_xlfn.LOGNORM.INV(RAND(),MV3,Sigma2),MIN(MaxMultiple,Xm/(1-RAND())^(1/Alpha))))) -> 0.73015581 | Y32: =IF(RAND()<P_Zero,0,IF(RAND()<CondReturn,_xlfn.LOGNORM.INV(RAND(),MV2,Sigma1),IF(RAND()<CondGood,_xlfn.LOGNORM.INV(RAND(),MV3,Sigma2),MIN(MaxMultiple,Xm/(1-RAND())^(1/Alpha))))) -> 0 | Z32: =IF(RAND()<P_Zero,0,IF(RAND()<CondReturn,_xlfn.LOGNORM.INV(RAND(),MV2,Sigma1),IF(RAND()<CondGood,_xlfn.LOGNORM.INV(RAND(),MV3,Sigma2),MIN(MaxMultiple,Xm/(1-RAND())^(1/Alpha))))) -> 0.49146486 | AA32: =IF(RAND()<P_Zero,0,IF(RAND()<CondReturn,_xlfn.LOGNORM.INV(RAND(),MV2,Sigma1),IF(RAND()<CondGood,_xlfn.LOGNORM.INV(RAND(),MV3,Sigma2),MIN(MaxMultiple,Xm/(1-RAND())^(1/Alpha))))) -> 0 | AB32: =AVERAGE(C32:AA32) -> 9.3726881 | AC32: =AB32*InvestableCapital -> 4.4988903e+08 | AD32: =AC32-InvestableCapital -> 4.0188903e+08 | AE32: =HurdleToggle*InvestableCapital*((1+HurdleRate)^FeeYears-1) -> 55628400 | AF32: =MAX(0,AD32-AE32) -> 3.4626063e+08 | AG32: =CarryRate*AF32 -> 69252126 | AH32: =AC32-AG32 -> 3.806369e+08 | AI32: =AH32/FundSize -> 6.3439484
B33: 28 | C33: =IF(RAND()<P_Zero,0,IF(RAND()<CondReturn,_xlfn.LOGNORM.INV(RAND(),MV2,Sigma1),IF(RAND()<CondGood,_xlfn.LOGNORM.INV(RAND(),MV3,Sigma2),MIN(MaxMultiple,Xm/(1-RAND())^(1/Alpha))))) -> 3.5687272 | D33: =IF(RAND()<P_Zero,0,IF(RAND()<CondReturn,_xlfn.LOGNORM.INV(RAND(),MV2,Sigma1),IF(RAND()<CondGood,_xlfn.LOGNORM.INV(RAND(),MV3,Sigma2),MIN(MaxMultiple,Xm/(1-RAND())^(1/Alpha))))) -> 1.5373227 | E33: =IF(RAND()<P_Zero,0,IF(RAND()<CondReturn,_xlfn.LOGNORM.INV(RAND(),MV2,Sigma1),IF(RAND()<CondGood,_xlfn.LOGNORM.INV(RAND(),MV3,Sigma2),MIN(MaxMultiple,Xm/(1-RAND())^(1/Alpha))))) -> 1.3839076 | F33: =IF(RAND()<P_Zero,0,IF(RAND()<CondReturn,_xlfn.LOGNORM.INV(RAND(),MV2,Sigma1),IF(RAND()<CondGood,_xlfn.LOGNORM.INV(RAND(),MV3,Sigma2),MIN(MaxMultiple,Xm/(1-RAND())^(1/Alpha))))) -> 2.1685491 | G33: =IF(RAND()<P_Zero,0,IF(RAND()<CondReturn,_xlfn.LOGNORM.INV(RAND(),MV2,Sigma1),IF(RAND()<CondGood,_xlfn.LOGNORM.INV(RAND(),MV3,Sigma2),MIN(MaxMultiple,Xm/(1-RAND())^(1/Alpha))))) -> 0.5308782 | H33: =IF(RAND()<P_Zero,0,IF(RAND()<CondReturn,_xlfn.LOGNORM.INV(RAND(),MV2,Sigma1),IF(RAND()<CondGood,_xlfn.LOGNORM.INV(RAND(),MV3,Sigma2),MIN(MaxMultiple,Xm/(1-RAND())^(1/Alpha))))) -> 0.40051871 | I33: =IF(RAND()<P_Zero,0,IF(RAND()<CondReturn,_xlfn.LOGNORM.INV(RAND(),MV2,Sigma1),IF(RAND()<CondGood,_xlfn.LOGNORM.INV(RAND(),MV3,Sigma2),MIN(MaxMultiple,Xm/(1-RAND())^(1/Alpha))))) -> 14.185748 | J33: =IF(RAND()<P_Zero,0,IF(RAND()<CondReturn,_xlfn.LOGNORM.INV(RAND(),MV2,Sigma1),IF(RAND()<CondGood,_xlfn.LOGNORM.INV(RAND(),MV3,Sigma2),MIN(MaxMultiple,Xm/(1-RAND())^(1/Alpha))))) -> 0 | K33: =IF(RAND()<P_Zero,0,IF(RAND()<CondReturn,_xlfn.LOGNORM.INV(RAND(),MV2,Sigma1),IF(RAND()<CondGood,_xlfn.LOGNORM.INV(RAND(),MV3,Sigma2),MIN(MaxMultiple,Xm/(1-RAND())^(1/Alpha))))) -> 0.72152351 | L33: =IF(RAND()<P_Zero,0,IF(RAND()<CondReturn,_xlfn.LOGNORM.INV(RAND(),MV2,Sigma1),IF(RAND()<CondGood,_xlfn.LOGNORM.INV(RAND(),MV3,Sigma2),MIN(MaxMultiple,Xm/(1-RAND())^(1/Alpha))))) -> 0 | M33: =IF(RAND()<P_Zero,0,IF(RAND()<CondReturn,_xlfn.LOGNORM.INV(RAND(),MV2,Sigma1),IF(RAND()<CondGood,_xlfn.LOGNORM.INV(RAND(),MV3,Sigma2),MIN(MaxMultiple,Xm/(1-RAND())^(1/Alpha))))) -> 0 | N33: =IF(RAND()<P_Zero,0,IF(RAND()<CondReturn,_xlfn.LOGNORM.INV(RAND(),MV2,Sigma1),IF(RAND()<CondGood,_xlfn.LOGNORM.INV(RAND(),MV3,Sigma2),MIN(MaxMultiple,Xm/(1-RAND())^(1/Alpha))))) -> 0 | O33: =IF(RAND()<P_Zero,0,IF(RAND()<CondReturn,_xlfn.LOGNORM.INV(RAND(),MV2,Sigma1),IF(RAND()<CondGood,_xlfn.LOGNORM.INV(RAND(),MV3,Sigma2),MIN(MaxMultiple,Xm/(1-RAND())^(1/Alpha))))) -> 0.62271239 | P33: =IF(RAND()<P_Zero,0,IF(RAND()<CondReturn,_xlfn.LOGNORM.INV(RAND(),MV2,Sigma1),IF(RAND()<CondGood,_xlfn.LOGNORM.INV(RAND(),MV3,Sigma2),MIN(MaxMultiple,Xm/(1-RAND())^(1/Alpha))))) -> 0.56670595 | Q33: =IF(RAND()<P_Zero,0,IF(RAND()<CondReturn,_xlfn.LOGNORM.INV(RAND(),MV2,Sigma1),IF(RAND()<CondGood,_xlfn.LOGNORM.INV(RAND(),MV3,Sigma2),MIN(MaxMultiple,Xm/(1-RAND())^(1/Alpha))))) -> 0.79690392 | R33: =IF(RAND()<P_Zero,0,IF(RAND()<CondReturn,_xlfn.LOGNORM.INV(RAND(),MV2,Sigma1),IF(RAND()<CondGood,_xlfn.LOGNORM.INV(RAND(),MV3,Sigma2),MIN(MaxMultiple,Xm/(1-RAND())^(1/Alpha))))) -> 0 | S33: =IF(RAND()<P_Zero,0,IF(RAND()<CondReturn,_xlfn.LOGNORM.INV(RAND(),MV2,Sigma1),IF(RAND()<CondGood,_xlfn.LOGNORM.INV(RAND(),MV3,Sigma2),MIN(MaxMultiple,Xm/(1-RAND())^(1/Alpha))))) -> 0 | T33: =IF(RAND()<P_Zero,0,IF(RAND()<CondReturn,_xlfn.LOGNORM.INV(RAND(),MV2,Sigma1),IF(RAND()<CondGood,_xlfn.LOGNORM.INV(RAND(),MV3,Sigma2),MIN(MaxMultiple,Xm/(1-RAND())^(1/Alpha))))) -> 1.5679845 | U33: =IF(RAND()<P_Zero,0,IF(RAND()<CondReturn,_xlfn.LOGNORM.INV(RAND(),MV2,Sigma1),IF(RAND()<CondGood,_xlfn.LOGNORM.INV(RAND(),MV3,Sigma2),MIN(MaxMultiple,Xm/(1-RAND())^(1/Alpha))))) -> 0 | V33: =IF(RAND()<P_Zero,0,IF(RAND()<CondReturn,_xlfn.LOGNORM.INV(RAND(),MV2,Sigma1),IF(RAND()<CondGood,_xlfn.LOGNORM.INV(RAND(),MV3,Sigma2),MIN(MaxMultiple,Xm/(1-RAND())^(1/Alpha))))) -> 0.96538468 | W33: =IF(RAND()<P_Zero,0,IF(RAND()<CondReturn,_xlfn.LOGNORM.INV(RAND(),MV2,Sigma1),IF(RAND()<CondGood,_xlfn.LOGNORM.INV(RAND(),MV3,Sigma2),MIN(MaxMultiple,Xm/(1-RAND())^(1/Alpha))))) -> 1.0567068 | X33: =IF(RAND()<P_Zero,0,IF(RAND()<CondReturn,_xlfn.LOGNORM.INV(RAND(),MV2,Sigma1),IF(RAND()<CondGood,_xlfn.LOGNORM.INV(RAND(),MV3,Sigma2),MIN(MaxMultiple,Xm/(1-RAND())^(1/Alpha))))) -> 0 | Y33: =IF(RAND()<P_Zero,0,IF(RAND()<CondReturn,_xlfn.LOGNORM.INV(RAND(),MV2,Sigma1),IF(RAND()<CondGood,_xlfn.LOGNORM.INV(RAND(),MV3,Sigma2),MIN(MaxMultiple,Xm/(1-RAND())^(1/Alpha))))) -> 0 | Z33: =IF(RAND()<P_Zero,0,IF(RAND()<CondReturn,_xlfn.LOGNORM.INV(RAND(),MV2,Sigma1),IF(RAND()<CondGood,_xlfn.LOGNORM.INV(RAND(),MV3,Sigma2),MIN(MaxMultiple,Xm/(1-RAND())^(1/Alpha))))) -> 0.48453607 | AA33: =IF(RAND()<P_Zero,0,IF(RAND()<CondReturn,_xlfn.LOGNORM.INV(RAND(),MV2,Sigma1),IF(RAND()<CondGood,_xlfn.LOGNORM.INV(RAND(),MV3,Sigma2),MIN(MaxMultiple,Xm/(1-RAND())^(1/Alpha))))) -> 0 | AB33: =AVERAGE(C33:AA33) -> 1.2223244 | AC33: =AB33*InvestableCapital -> 58671570 | AD33: =AC33-InvestableCapital -> 10671570 | AE33: =HurdleToggle*InvestableCapital*((1+HurdleRate)^FeeYears-1) -> 55628400 | AF33: =MAX(0,AD33-AE33) -> 0 | AG33: =CarryRate*AF33 -> 0 | AH33: =AC33-AG33 -> 58671570 | AI33: =AH33/FundSize -> 0.9778595
B34: 29 | C34: =IF(RAND()<P_Zero,0,IF(RAND()<CondReturn,_xlfn.LOGNORM.INV(RAND(),MV2,Sigma1),IF(RAND()<CondGood,_xlfn.LOGNORM.INV(RAND(),MV3,Sigma2),MIN(MaxMultiple,Xm/(1-RAND())^(1/Alpha))))) -> 0.44799519 | D34: =IF(RAND()<P_Zero,0,IF(RAND()<CondReturn,_xlfn.LOGNORM.INV(RAND(),MV2,Sigma1),IF(RAND()<CondGood,_xlfn.LOGNORM.INV(RAND(),MV3,Sigma2),MIN(MaxMultiple,Xm/(1-RAND())^(1/Alpha))))) -> 2.1797644 | E34: =IF(RAND()<P_Zero,0,IF(RAND()<CondReturn,_xlfn.LOGNORM.INV(RAND(),MV2,Sigma1),IF(RAND()<CondGood,_xlfn.LOGNORM.INV(RAND(),MV3,Sigma2),MIN(MaxMultiple,Xm/(1-RAND())^(1/Alpha))))) -> 1.3840579 | F34: =IF(RAND()<P_Zero,0,IF(RAND()<CondReturn,_xlfn.LOGNORM.INV(RAND(),MV2,Sigma1),IF(RAND()<CondGood,_xlfn.LOGNORM.INV(RAND(),MV3,Sigma2),MIN(MaxMultiple,Xm/(1-RAND())^(1/Alpha))))) -> 0 | G34: =IF(RAND()<P_Zero,0,IF(RAND()<CondReturn,_xlfn.LOGNORM.INV(RAND(),MV2,Sigma1),IF(RAND()<CondGood,_xlfn.LOGNORM.INV(RAND(),MV3,Sigma2),MIN(MaxMultiple,Xm/(1-RAND())^(1/Alpha))))) -> 1.1307337 | H34: =IF(RAND()<P_Zero,0,IF(RAND()<CondReturn,_xlfn.LOGNORM.INV(RAND(),MV2,Sigma1),IF(RAND()<CondGood,_xlfn.LOGNORM.INV(RAND(),MV3,Sigma2),MIN(MaxMultiple,Xm/(1-RAND())^(1/Alpha))))) -> 0.26185655 | I34: =IF(RAND()<P_Zero,0,IF(RAND()<CondReturn,_xlfn.LOGNORM.INV(RAND(),MV2,Sigma1),IF(RAND()<CondGood,_xlfn.LOGNORM.INV(RAND(),MV3,Sigma2),MIN(MaxMultiple,Xm/(1-RAND())^(1/Alpha))))) -> 0.8837581 | J34: =IF(RAND()<P_Zero,0,IF(RAND()<CondReturn,_xlfn.LOGNORM.INV(RAND(),MV2,Sigma1),IF(RAND()<CondGood,_xlfn.LOGNORM.INV(RAND(),MV3,Sigma2),MIN(MaxMultiple,Xm/(1-RAND())^(1/Alpha))))) -> 0.92686431 | K34: =IF(RAND()<P_Zero,0,IF(RAND()<CondReturn,_xlfn.LOGNORM.INV(RAND(),MV2,Sigma1),IF(RAND()<CondGood,_xlfn.LOGNORM.INV(RAND(),MV3,Sigma2),MIN(MaxMultiple,Xm/(1-RAND())^(1/Alpha))))) -> 0 | L34: =IF(RAND()<P_Zero,0,IF(RAND()<CondReturn,_xlfn.LOGNORM.INV(RAND(),MV2,Sigma1),IF(RAND()<CondGood,_xlfn.LOGNORM.INV(RAND(),MV3,Sigma2),MIN(MaxMultiple,Xm/(1-RAND())^(1/Alpha))))) -> 0 | M34: =IF(RAND()<P_Zero,0,IF(RAND()<CondReturn,_xlfn.LOGNORM.INV(RAND(),MV2,Sigma1),IF(RAND()<CondGood,_xlfn.LOGNORM.INV(RAND(),MV3,Sigma2),MIN(MaxMultiple,Xm/(1-RAND())^(1/Alpha))))) -> 0.99684451 | N34: =IF(RAND()<P_Zero,0,IF(RAND()<CondReturn,_xlfn.LOGNORM.INV(RAND(),MV2,Sigma1),IF(RAND()<CondGood,_xlfn.LOGNORM.INV(RAND(),MV3,Sigma2),MIN(MaxMultiple,Xm/(1-RAND())^(1/Alpha))))) -> 0.89388538 | O34: =IF(RAND()<P_Zero,0,IF(RAND()<CondReturn,_xlfn.LOGNORM.INV(RAND(),MV2,Sigma1),IF(RAND()<CondGood,_xlfn.LOGNORM.INV(RAND(),MV3,Sigma2),MIN(MaxMultiple,Xm/(1-RAND())^(1/Alpha))))) -> 0.94587848 | P34: =IF(RAND()<P_Zero,0,IF(RAND()<CondReturn,_xlfn.LOGNORM.INV(RAND(),MV2,Sigma1),IF(RAND()<CondGood,_xlfn.LOGNORM.INV(RAND(),MV3,Sigma2),MIN(MaxMultiple,Xm/(1-RAND())^(1/Alpha))))) -> 0.53120988 | Q34: =IF(RAND()<P_Zero,0,IF(RAND()<CondReturn,_xlfn.LOGNORM.INV(RAND(),MV2,Sigma1),IF(RAND()<CondGood,_xlfn.LOGNORM.INV(RAND(),MV3,Sigma2),MIN(MaxMultiple,Xm/(1-RAND())^(1/Alpha))))) -> 0.84825789 | R34: =IF(RAND()<P_Zero,0,IF(RAND()<CondReturn,_xlfn.LOGNORM.INV(RAND(),MV2,Sigma1),IF(RAND()<CondGood,_xlfn.LOGNORM.INV(RAND(),MV3,Sigma2),MIN(MaxMultiple,Xm/(1-RAND())^(1/Alpha))))) -> 0.84385256 | S34: =IF(RAND()<P_Zero,0,IF(RAND()<CondReturn,_xlfn.LOGNORM.INV(RAND(),MV2,Sigma1),IF(RAND()<CondGood,_xlfn.LOGNORM.INV(RAND(),MV3,Sigma2),MIN(MaxMultiple,Xm/(1-RAND())^(1/Alpha))))) -> 1.2795046 | T34: =IF(RAND()<P_Zero,0,IF(RAND()<CondReturn,_xlfn.LOGNORM.INV(RAND(),MV2,Sigma1),IF(RAND()<CondGood,_xlfn.LOGNORM.INV(RAND(),MV3,Sigma2),MIN(MaxMultiple,Xm/(1-RAND())^(1/Alpha))))) -> 0.85625635 | U34: =IF(RAND()<P_Zero,0,IF(RAND()<CondReturn,_xlfn.LOGNORM.INV(RAND(),MV2,Sigma1),IF(RAND()<CondGood,_xlfn.LOGNORM.INV(RAND(),MV3,Sigma2),MIN(MaxMultiple,Xm/(1-RAND())^(1/Alpha))))) -> 2.1966788 | V34: =IF(RAND()<P_Zero,0,IF(RAND()<CondReturn,_xlfn.LOGNORM.INV(RAND(),MV2,Sigma1),IF(RAND()<CondGood,_xlfn.LOGNORM.INV(RAND(),MV3,Sigma2),MIN(MaxMultiple,Xm/(1-RAND())^(1/Alpha))))) -> 0 | W34: =IF(RAND()<P_Zero,0,IF(RAND()<CondReturn,_xlfn.LOGNORM.INV(RAND(),MV2,Sigma1),IF(RAND()<CondGood,_xlfn.LOGNORM.INV(RAND(),MV3,Sigma2),MIN(MaxMultiple,Xm/(1-RAND())^(1/Alpha))))) -> 1.0139234 | X34: =IF(RAND()<P_Zero,0,IF(RAND()<CondReturn,_xlfn.LOGNORM.INV(RAND(),MV2,Sigma1),IF(RAND()<CondGood,_xlfn.LOGNORM.INV(RAND(),MV3,Sigma2),MIN(MaxMultiple,Xm/(1-RAND())^(1/Alpha))))) -> 0 | Y34: =IF(RAND()<P_Zero,0,IF(RAND()<CondReturn,_xlfn.LOGNORM.INV(RAND(),MV2,Sigma1),IF(RAND()<CondGood,_xlfn.LOGNORM.INV(RAND(),MV3,Sigma2),MIN(MaxMultiple,Xm/(1-RAND())^(1/Alpha))))) -> 0 | Z34: =IF(RAND()<P_Zero,0,IF(RAND()<CondReturn,_xlfn.LOGNORM.INV(RAND(),MV2,Sigma1),IF(RAND()<CondGood,_xlfn.LOGNORM.INV(RAND(),MV3,Sigma2),MIN(MaxMultiple,Xm/(1-RAND())^(1/Alpha))))) -> 1.4841848 | AA34: =IF(RAND()<P_Zero,0,IF(RAND()<CondReturn,_xlfn.LOGNORM.INV(RAND(),MV2,Sigma1),IF(RAND()<CondGood,_xlfn.LOGNORM.INV(RAND(),MV3,Sigma2),MIN(MaxMultiple,Xm/(1-RAND())^(1/Alpha))))) -> 1.0213713 | AB34: =AVERAGE(C34:AA34) -> 0.80507512 | AC34: =AB34*InvestableCapital -> 38643606 | AD34: =AC34-InvestableCapital -> -9356394.2 | AE34: =HurdleToggle*InvestableCapital*((1+HurdleRate)^FeeYears-1) -> 55628400 | AF34: =MAX(0,AD34-AE34) -> 0 | AG34: =CarryRate*AF34 -> 0 | AH34: =AC34-AG34 -> 38643606 | AI34: =AH34/FundSize -> 0.6440601
B35: 30 | C35: =IF(RAND()<P_Zero,0,IF(RAND()<CondReturn,_xlfn.LOGNORM.INV(RAND(),MV2,Sigma1),IF(RAND()<CondGood,_xlfn.LOGNORM.INV(RAND(),MV3,Sigma2),MIN(MaxMultiple,Xm/(1-RAND())^(1/Alpha))))) -> 0 | D35: =IF(RAND()<P_Zero,0,IF(RAND()<CondReturn,_xlfn.LOGNORM.INV(RAND(),MV2,Sigma1),IF(RAND()<CondGood,_xlfn.LOGNORM.INV(RAND(),MV3,Sigma2),MIN(MaxMultiple,Xm/(1-RAND())^(1/Alpha))))) -> 1.333106 | E35: =IF(RAND()<P_Zero,0,IF(RAND()<CondReturn,_xlfn.LOGNORM.INV(RAND(),MV2,Sigma1),IF(RAND()<CondGood,_xlfn.LOGNORM.INV(RAND(),MV3,Sigma2),MIN(MaxMultiple,Xm/(1-RAND())^(1/Alpha))))) -> 0 | F35: =IF(RAND()<P_Zero,0,IF(RAND()<CondReturn,_xlfn.LOGNORM.INV(RAND(),MV2,Sigma1),IF(RAND()<CondGood,_xlfn.LOGNORM.INV(RAND(),MV3,Sigma2),MIN(MaxMultiple,Xm/(1-RAND())^(1/Alpha))))) -> 1.4858542 | G35: =IF(RAND()<P_Zero,0,IF(RAND()<CondReturn,_xlfn.LOGNORM.INV(RAND(),MV2,Sigma1),IF(RAND()<CondGood,_xlfn.LOGNORM.INV(RAND(),MV3,Sigma2),MIN(MaxMultiple,Xm/(1-RAND())^(1/Alpha))))) -> 0.61916618 | H35: =IF(RAND()<P_Zero,0,IF(RAND()<CondReturn,_xlfn.LOGNORM.INV(RAND(),MV2,Sigma1),IF(RAND()<CondGood,_xlfn.LOGNORM.INV(RAND(),MV3,Sigma2),MIN(MaxMultiple,Xm/(1-RAND())^(1/Alpha))))) -> 0 | I35: =IF(RAND()<P_Zero,0,IF(RAND()<CondReturn,_xlfn.LOGNORM.INV(RAND(),MV2,Sigma1),IF(RAND()<CondGood,_xlfn.LOGNORM.INV(RAND(),MV3,Sigma2),MIN(MaxMultiple,Xm/(1-RAND())^(1/Alpha))))) -> 0 | J35: =IF(RAND()<P_Zero,0,IF(RAND()<CondReturn,_xlfn.LOGNORM.INV(RAND(),MV2,Sigma1),IF(RAND()<CondGood,_xlfn.LOGNORM.INV(RAND(),MV3,Sigma2),MIN(MaxMultiple,Xm/(1-RAND())^(1/Alpha))))) -> 1.230818 | K35: =IF(RAND()<P_Zero,0,IF(RAND()<CondReturn,_xlfn.LOGNORM.INV(RAND(),MV2,Sigma1),IF(RAND()<CondGood,_xlfn.LOGNORM.INV(RAND(),MV3,Sigma2),MIN(MaxMultiple,Xm/(1-RAND())^(1/Alpha))))) -> 0.67305071 | L35: =IF(RAND()<P_Zero,0,IF(RAND()<CondReturn,_xlfn.LOGNORM.INV(RAND(),MV2,Sigma1),IF(RAND()<CondGood,_xlfn.LOGNORM.INV(RAND(),MV3,Sigma2),MIN(MaxMultiple,Xm/(1-RAND())^(1/Alpha))))) -> 1.565965 | M35: =IF(RAND()<P_Zero,0,IF(RAND()<CondReturn,_xlfn.LOGNORM.INV(RAND(),MV2,Sigma1),IF(RAND()<CondGood,_xlfn.LOGNORM.INV(RAND(),MV3,Sigma2),MIN(MaxMultiple,Xm/(1-RAND())^(1/Alpha))))) -> 1.5593084 | N35: =IF(RAND()<P_Zero,0,IF(RAND()<CondReturn,_xlfn.LOGNORM.INV(RAND(),MV2,Sigma1),IF(RAND()<CondGood,_xlfn.LOGNORM.INV(RAND(),MV3,Sigma2),MIN(MaxMultiple,Xm/(1-RAND())^(1/Alpha))))) -> 0 | O35: =IF(RAND()<P_Zero,0,IF(RAND()<CondReturn,_xlfn.LOGNORM.INV(RAND(),MV2,Sigma1),IF(RAND()<CondGood,_xlfn.LOGNORM.INV(RAND(),MV3,Sigma2),MIN(MaxMultiple,Xm/(1-RAND())^(1/Alpha))))) -> 11.267756 | P35: =IF(RAND()<P_Zero,0,IF(RAND()<CondReturn,_xlfn.LOGNORM.INV(RAND(),MV2,Sigma1),IF(RAND()<CondGood,_xlfn.LOGNORM.INV(RAND(),MV3,Sigma2),MIN(MaxMultiple,Xm/(1-RAND())^(1/Alpha))))) -> 1.2393179 | Q35: =IF(RAND()<P_Zero,0,IF(RAND()<CondReturn,_xlfn.LOGNORM.INV(RAND(),MV2,Sigma1),IF(RAND()<CondGood,_xlfn.LOGNORM.INV(RAND(),MV3,Sigma2),MIN(MaxMultiple,Xm/(1-RAND())^(1/Alpha))))) -> 0 | R35: =IF(RAND()<P_Zero,0,IF(RAND()<CondReturn,_xlfn.LOGNORM.INV(RAND(),MV2,Sigma1),IF(RAND()<CondGood,_xlfn.LOGNORM.INV(RAND(),MV3,Sigma2),MIN(MaxMultiple,Xm/(1-RAND())^(1/Alpha))))) -> 0 | S35: =IF(RAND()<P_Zero,0,IF(RAND()<CondReturn,_xlfn.LOGNORM.INV(RAND(),MV2,Sigma1),IF(RAND()<CondGood,_xlfn.LOGNORM.INV(RAND(),MV3,Sigma2),MIN(MaxMultiple,Xm/(1-RAND())^(1/Alpha))))) -> 0 | T35: =IF(RAND()<P_Zero,0,IF(RAND()<CondReturn,_xlfn.LOGNORM.INV(RAND(),MV2,Sigma1),IF(RAND()<CondGood,_xlfn.LOGNORM.INV(RAND(),MV3,Sigma2),MIN(MaxMultiple,Xm/(1-RAND())^(1/Alpha))))) -> 0 | U35: =IF(RAND()<P_Zero,0,IF(RAND()<CondReturn,_xlfn.LOGNORM.INV(RAND(),MV2,Sigma1),IF(RAND()<CondGood,_xlfn.LOGNORM.INV(RAND(),MV3,Sigma2),MIN(MaxMultiple,Xm/(1-RAND())^(1/Alpha))))) -> 0 | V35: =IF(RAND()<P_Zero,0,IF(RAND()<CondReturn,_xlfn.LOGNORM.INV(RAND(),MV2,Sigma1),IF(RAND()<CondGood,_xlfn.LOGNORM.INV(RAND(),MV3,Sigma2),MIN(MaxMultiple,Xm/(1-RAND())^(1/Alpha))))) -> 0 | W35: =IF(RAND()<P_Zero,0,IF(RAND()<CondReturn,_xlfn.LOGNORM.INV(RAND(),MV2,Sigma1),IF(RAND()<CondGood,_xlfn.LOGNORM.INV(RAND(),MV3,Sigma2),MIN(MaxMultiple,Xm/(1-RAND())^(1/Alpha))))) -> 1.399054 | X35: =IF(RAND()<P_Zero,0,IF(RAND()<CondReturn,_xlfn.LOGNORM.INV(RAND(),MV2,Sigma1),IF(RAND()<CondGood,_xlfn.LOGNORM.INV(RAND(),MV3,Sigma2),MIN(MaxMultiple,Xm/(1-RAND())^(1/Alpha))))) -> 1.6495531 | Y35: =IF(RAND()<P_Zero,0,IF(RAND()<CondReturn,_xlfn.LOGNORM.INV(RAND(),MV2,Sigma1),IF(RAND()<CondGood,_xlfn.LOGNORM.INV(RAND(),MV3,Sigma2),MIN(MaxMultiple,Xm/(1-RAND())^(1/Alpha))))) -> 0 | Z35: =IF(RAND()<P_Zero,0,IF(RAND()<CondReturn,_xlfn.LOGNORM.INV(RAND(),MV2,Sigma1),IF(RAND()<CondGood,_xlfn.LOGNORM.INV(RAND(),MV3,Sigma2),MIN(MaxMultiple,Xm/(1-RAND())^(1/Alpha))))) -> 1.1270195 | AA35: =IF(RAND()<P_Zero,0,IF(RAND()<CondReturn,_xlfn.LOGNORM.INV(RAND(),MV2,Sigma1),IF(RAND()<CondGood,_xlfn.LOGNORM.INV(RAND(),MV3,Sigma2),MIN(MaxMultiple,Xm/(1-RAND())^(1/Alpha))))) -> 0.80598986 | AB35: =AVERAGE(C35:AA35) -> 1.0382383 | AC35: =AB35*InvestableCapital -> 49835440 | AD35: =AC35-InvestableCapital -> 1835440.2 | AE35: =HurdleToggle*InvestableCapital*((1+HurdleRate)^FeeYears-1) -> 55628400 | AF35: =MAX(0,AD35-AE35) -> 0 | AG35: =CarryRate*AF35 -> 0 | AH35: =AC35-AG35 -> 49835440 | AI35: =AH35/FundSize -> 0.83059067
B36: 31 | C36: =IF(RAND()<P_Zero,0,IF(RAND()<CondReturn,_xlfn.LOGNORM.INV(RAND(),MV2,Sigma1),IF(RAND()<CondGood,_xlfn.LOGNORM.INV(RAND(),MV3,Sigma2),MIN(MaxMultiple,Xm/(1-RAND())^(1/Alpha))))) -> 14.382118 | D36: =IF(RAND()<P_Zero,0,IF(RAND()<CondReturn,_xlfn.LOGNORM.INV(RAND(),MV2,Sigma1),IF(RAND()<CondGood,_xlfn.LOGNORM.INV(RAND(),MV3,Sigma2),MIN(MaxMultiple,Xm/(1-RAND())^(1/Alpha))))) -> 2.0937781 | E36: =IF(RAND()<P_Zero,0,IF(RAND()<CondReturn,_xlfn.LOGNORM.INV(RAND(),MV2,Sigma1),IF(RAND()<CondGood,_xlfn.LOGNORM.INV(RAND(),MV3,Sigma2),MIN(MaxMultiple,Xm/(1-RAND())^(1/Alpha))))) -> 0 | F36: =IF(RAND()<P_Zero,0,IF(RAND()<CondReturn,_xlfn.LOGNORM.INV(RAND(),MV2,Sigma1),IF(RAND()<CondGood,_xlfn.LOGNORM.INV(RAND(),MV3,Sigma2),MIN(MaxMultiple,Xm/(1-RAND())^(1/Alpha))))) -> 0 | G36: =IF(RAND()<P_Zero,0,IF(RAND()<CondReturn,_xlfn.LOGNORM.INV(RAND(),MV2,Sigma1),IF(RAND()<CondGood,_xlfn.LOGNORM.INV(RAND(),MV3,Sigma2),MIN(MaxMultiple,Xm/(1-RAND())^(1/Alpha))))) -> 0 | H36: =IF(RAND()<P_Zero,0,IF(RAND()<CondReturn,_xlfn.LOGNORM.INV(RAND(),MV2,Sigma1),IF(RAND()<CondGood,_xlfn.LOGNORM.INV(RAND(),MV3,Sigma2),MIN(MaxMultiple,Xm/(1-RAND())^(1/Alpha))))) -> 0.92880496 | I36: =IF(RAND()<P_Zero,0,IF(RAND()<CondReturn,_xlfn.LOGNORM.INV(RAND(),MV2,Sigma1),IF(RAND()<CondGood,_xlfn.LOGNORM.INV(RAND(),MV3,Sigma2),MIN(MaxMultiple,Xm/(1-RAND())^(1/Alpha))))) -> 0 | J36: =IF(RAND()<P_Zero,0,IF(RAND()<CondReturn,_xlfn.LOGNORM.INV(RAND(),MV2,Sigma1),IF(RAND()<CondGood,_xlfn.LOGNORM.INV(RAND(),MV3,Sigma2),MIN(MaxMultiple,Xm/(1-RAND())^(1/Alpha))))) -> 0.87578032 | K36: =IF(RAND()<P_Zero,0,IF(RAND()<CondReturn,_xlfn.LOGNORM.INV(RAND(),MV2,Sigma1),IF(RAND()<CondGood,_xlfn.LOGNORM.INV(RAND(),MV3,Sigma2),MIN(MaxMultiple,Xm/(1-RAND())^(1/Alpha))))) -> 11.187783 | L36: =IF(RAND()<P_Zero,0,IF(RAND()<CondReturn,_xlfn.LOGNORM.INV(RAND(),MV2,Sigma1),IF(RAND()<CondGood,_xlfn.LOGNORM.INV(RAND(),MV3,Sigma2),MIN(MaxMultiple,Xm/(1-RAND())^(1/Alpha))))) -> 2.3199966 | M36: =IF(RAND()<P_Zero,0,IF(RAND()<CondReturn,_xlfn.LOGNORM.INV(RAND(),MV2,Sigma1),IF(RAND()<CondGood,_xlfn.LOGNORM.INV(RAND(),MV3,Sigma2),MIN(MaxMultiple,Xm/(1-RAND())^(1/Alpha))))) -> 0 | N36: =IF(RAND()<P_Zero,0,IF(RAND()<CondReturn,_xlfn.LOGNORM.INV(RAND(),MV2,Sigma1),IF(RAND()<CondGood,_xlfn.LOGNORM.INV(RAND(),MV3,Sigma2),MIN(MaxMultiple,Xm/(1-RAND())^(1/Alpha))))) -> 0 | O36: =IF(RAND()<P_Zero,0,IF(RAND()<CondReturn,_xlfn.LOGNORM.INV(RAND(),MV2,Sigma1),IF(RAND()<CondGood,_xlfn.LOGNORM.INV(RAND(),MV3,Sigma2),MIN(MaxMultiple,Xm/(1-RAND())^(1/Alpha))))) -> 0 | P36: =IF(RAND()<P_Zero,0,IF(RAND()<CondReturn,_xlfn.LOGNORM.INV(RAND(),MV2,Sigma1),IF(RAND()<CondGood,_xlfn.LOGNORM.INV(RAND(),MV3,Sigma2),MIN(MaxMultiple,Xm/(1-RAND())^(1/Alpha))))) -> 218.6912 | Q36: =IF(RAND()<P_Zero,0,IF(RAND()<CondReturn,_xlfn.LOGNORM.INV(RAND(),MV2,Sigma1),IF(RAND()<CondGood,_xlfn.LOGNORM.INV(RAND(),MV3,Sigma2),MIN(MaxMultiple,Xm/(1-RAND())^(1/Alpha))))) -> 0 | R36: =IF(RAND()<P_Zero,0,IF(RAND()<CondReturn,_xlfn.LOGNORM.INV(RAND(),MV2,Sigma1),IF(RAND()<CondGood,_xlfn.LOGNORM.INV(RAND(),MV3,Sigma2),MIN(MaxMultiple,Xm/(1-RAND())^(1/Alpha))))) -> 4.5081208 | S36: =IF(RAND()<P_Zero,0,IF(RAND()<CondReturn,_xlfn.LOGNORM.INV(RAND(),MV2,Sigma1),IF(RAND()<CondGood,_xlfn.LOGNORM.INV(RAND(),MV3,Sigma2),MIN(MaxMultiple,Xm/(1-RAND())^(1/Alpha))))) -> 1.1140249 | T36: =IF(RAND()<P_Zero,0,IF(RAND()<CondReturn,_xlfn.LOGNORM.INV(RAND(),MV2,Sigma1),IF(RAND()<CondGood,_xlfn.LOGNORM.INV(RAND(),MV3,Sigma2),MIN(MaxMultiple,Xm/(1-RAND())^(1/Alpha))))) -> 0 | U36: =IF(RAND()<P_Zero,0,IF(RAND()<CondReturn,_xlfn.LOGNORM.INV(RAND(),MV2,Sigma1),IF(RAND()<CondGood,_xlfn.LOGNORM.INV(RAND(),MV3,Sigma2),MIN(MaxMultiple,Xm/(1-RAND())^(1/Alpha))))) -> 0 | V36: =IF(RAND()<P_Zero,0,IF(RAND()<CondReturn,_xlfn.LOGNORM.INV(RAND(),MV2,Sigma1),IF(RAND()<CondGood,_xlfn.LOGNORM.INV(RAND(),MV3,Sigma2),MIN(MaxMultiple,Xm/(1-RAND())^(1/Alpha))))) -> 0 | W36: =IF(RAND()<P_Zero,0,IF(RAND()<CondReturn,_xlfn.LOGNORM.INV(RAND(),MV2,Sigma1),IF(RAND()<CondGood,_xlfn.LOGNORM.INV(RAND(),MV3,Sigma2),MIN(MaxMultiple,Xm/(1-RAND())^(1/Alpha))))) -> 0.69536269 | X36: =IF(RAND()<P_Zero,0,IF(RAND()<CondReturn,_xlfn.LOGNORM.INV(RAND(),MV2,Sigma1),IF(RAND()<CondGood,_xlfn.LOGNORM.INV(RAND(),MV3,Sigma2),MIN(MaxMultiple,Xm/(1-RAND())^(1/Alpha))))) -> 0 | Y36: =IF(RAND()<P_Zero,0,IF(RAND()<CondReturn,_xlfn.LOGNORM.INV(RAND(),MV2,Sigma1),IF(RAND()<CondGood,_xlfn.LOGNORM.INV(RAND(),MV3,Sigma2),MIN(MaxMultiple,Xm/(1-RAND())^(1/Alpha))))) -> 0.52003403 | Z36: =IF(RAND()<P_Zero,0,IF(RAND()<CondReturn,_xlfn.LOGNORM.INV(RAND(),MV2,Sigma1),IF(RAND()<CondGood,_xlfn.LOGNORM.INV(RAND(),MV3,Sigma2),MIN(MaxMultiple,Xm/(1-RAND())^(1/Alpha))))) -> 10.698533 | AA36: =IF(RAND()<P_Zero,0,IF(RAND()<CondReturn,_xlfn.LOGNORM.INV(RAND(),MV2,Sigma1),IF(RAND()<CondGood,_xlfn.LOGNORM.INV(RAND(),MV3,Sigma2),MIN(MaxMultiple,Xm/(1-RAND())^(1/Alpha))))) -> 3.1161895 | AB36: =AVERAGE(C36:AA36) -> 10.845269 | AC36: =AB36*InvestableCapital -> 5.2057291e+08 | AD36: =AC36-InvestableCapital -> 4.7257291e+08 | AE36: =HurdleToggle*InvestableCapital*((1+HurdleRate)^FeeYears-1) -> 55628400 | AF36: =MAX(0,AD36-AE36) -> 4.1694451e+08 | AG36: =CarryRate*AF36 -> 83388903 | AH36: =AC36-AG36 -> 4.3718401e+08 | AI36: =AH36/FundSize -> 7.2864002
B37: 32 | C37: =IF(RAND()<P_Zero,0,IF(RAND()<CondReturn,_xlfn.LOGNORM.INV(RAND(),MV2,Sigma1),IF(RAND()<CondGood,_xlfn.LOGNORM.INV(RAND(),MV3,Sigma2),MIN(MaxMultiple,Xm/(1-RAND())^(1/Alpha))))) -> 0 | D37: =IF(RAND()<P_Zero,0,IF(RAND()<CondReturn,_xlfn.LOGNORM.INV(RAND(),MV2,Sigma1),IF(RAND()<CondGood,_xlfn.LOGNORM.INV(RAND(),MV3,Sigma2),MIN(MaxMultiple,Xm/(1-RAND())^(1/Alpha))))) -> 18.435879 | E37: =IF(RAND()<P_Zero,0,IF(RAND()<CondReturn,_xlfn.LOGNORM.INV(RAND(),MV2,Sigma1),IF(RAND()<CondGood,_xlfn.LOGNORM.INV(RAND(),MV3,Sigma2),MIN(MaxMultiple,Xm/(1-RAND())^(1/Alpha))))) -> 18.285705 | F37: =IF(RAND()<P_Zero,0,IF(RAND()<CondReturn,_xlfn.LOGNORM.INV(RAND(),MV2,Sigma1),IF(RAND()<CondGood,_xlfn.LOGNORM.INV(RAND(),MV3,Sigma2),MIN(MaxMultiple,Xm/(1-RAND())^(1/Alpha))))) -> 0 | G37: =IF(RAND()<P_Zero,0,IF(RAND()<CondReturn,_xlfn.LOGNORM.INV(RAND(),MV2,Sigma1),IF(RAND()<CondGood,_xlfn.LOGNORM.INV(RAND(),MV3,Sigma2),MIN(MaxMultiple,Xm/(1-RAND())^(1/Alpha))))) -> 1.4824413 | H37: =IF(RAND()<P_Zero,0,IF(RAND()<CondReturn,_xlfn.LOGNORM.INV(RAND(),MV2,Sigma1),IF(RAND()<CondGood,_xlfn.LOGNORM.INV(RAND(),MV3,Sigma2),MIN(MaxMultiple,Xm/(1-RAND())^(1/Alpha))))) -> 3.5190501 | I37: =IF(RAND()<P_Zero,0,IF(RAND()<CondReturn,_xlfn.LOGNORM.INV(RAND(),MV2,Sigma1),IF(RAND()<CondGood,_xlfn.LOGNORM.INV(RAND(),MV3,Sigma2),MIN(MaxMultiple,Xm/(1-RAND())^(1/Alpha))))) -> 0 | J37: =IF(RAND()<P_Zero,0,IF(RAND()<CondReturn,_xlfn.LOGNORM.INV(RAND(),MV2,Sigma1),IF(RAND()<CondGood,_xlfn.LOGNORM.INV(RAND(),MV3,Sigma2),MIN(MaxMultiple,Xm/(1-RAND())^(1/Alpha))))) -> 0 | K37: =IF(RAND()<P_Zero,0,IF(RAND()<CondReturn,_xlfn.LOGNORM.INV(RAND(),MV2,Sigma1),IF(RAND()<CondGood,_xlfn.LOGNORM.INV(RAND(),MV3,Sigma2),MIN(MaxMultiple,Xm/(1-RAND())^(1/Alpha))))) -> 0.80707898 | L37: =IF(RAND()<P_Zero,0,IF(RAND()<CondReturn,_xlfn.LOGNORM.INV(RAND(),MV2,Sigma1),IF(RAND()<CondGood,_xlfn.LOGNORM.INV(RAND(),MV3,Sigma2),MIN(MaxMultiple,Xm/(1-RAND())^(1/Alpha))))) -> 0 | M37: =IF(RAND()<P_Zero,0,IF(RAND()<CondReturn,_xlfn.LOGNORM.INV(RAND(),MV2,Sigma1),IF(RAND()<CondGood,_xlfn.LOGNORM.INV(RAND(),MV3,Sigma2),MIN(MaxMultiple,Xm/(1-RAND())^(1/Alpha))))) -> 0 | N37: =IF(RAND()<P_Zero,0,IF(RAND()<CondReturn,_xlfn.LOGNORM.INV(RAND(),MV2,Sigma1),IF(RAND()<CondGood,_xlfn.LOGNORM.INV(RAND(),MV3,Sigma2),MIN(MaxMultiple,Xm/(1-RAND())^(1/Alpha))))) -> 0.35901136 | O37: =IF(RAND()<P_Zero,0,IF(RAND()<CondReturn,_xlfn.LOGNORM.INV(RAND(),MV2,Sigma1),IF(RAND()<CondGood,_xlfn.LOGNORM.INV(RAND(),MV3,Sigma2),MIN(MaxMultiple,Xm/(1-RAND())^(1/Alpha))))) -> 0.82262141 | P37: =IF(RAND()<P_Zero,0,IF(RAND()<CondReturn,_xlfn.LOGNORM.INV(RAND(),MV2,Sigma1),IF(RAND()<CondGood,_xlfn.LOGNORM.INV(RAND(),MV3,Sigma2),MIN(MaxMultiple,Xm/(1-RAND())^(1/Alpha))))) -> 0.91485583 | Q37: =IF(RAND()<P_Zero,0,IF(RAND()<CondReturn,_xlfn.LOGNORM.INV(RAND(),MV2,Sigma1),IF(RAND()<CondGood,_xlfn.LOGNORM.INV(RAND(),MV3,Sigma2),MIN(MaxMultiple,Xm/(1-RAND())^(1/Alpha))))) -> 0 | R37: =IF(RAND()<P_Zero,0,IF(RAND()<CondReturn,_xlfn.LOGNORM.INV(RAND(),MV2,Sigma1),IF(RAND()<CondGood,_xlfn.LOGNORM.INV(RAND(),MV3,Sigma2),MIN(MaxMultiple,Xm/(1-RAND())^(1/Alpha))))) -> 0.96073596 | S37: =IF(RAND()<P_Zero,0,IF(RAND()<CondReturn,_xlfn.LOGNORM.INV(RAND(),MV2,Sigma1),IF(RAND()<CondGood,_xlfn.LOGNORM.INV(RAND(),MV3,Sigma2),MIN(MaxMultiple,Xm/(1-RAND())^(1/Alpha))))) -> 0 | T37: =IF(RAND()<P_Zero,0,IF(RAND()<CondReturn,_xlfn.LOGNORM.INV(RAND(),MV2,Sigma1),IF(RAND()<CondGood,_xlfn.LOGNORM.INV(RAND(),MV3,Sigma2),MIN(MaxMultiple,Xm/(1-RAND())^(1/Alpha))))) -> 38.998525 | U37: =IF(RAND()<P_Zero,0,IF(RAND()<CondReturn,_xlfn.LOGNORM.INV(RAND(),MV2,Sigma1),IF(RAND()<CondGood,_xlfn.LOGNORM.INV(RAND(),MV3,Sigma2),MIN(MaxMultiple,Xm/(1-RAND())^(1/Alpha))))) -> 0.66279641 | V37: =IF(RAND()<P_Zero,0,IF(RAND()<CondReturn,_xlfn.LOGNORM.INV(RAND(),MV2,Sigma1),IF(RAND()<CondGood,_xlfn.LOGNORM.INV(RAND(),MV3,Sigma2),MIN(MaxMultiple,Xm/(1-RAND())^(1/Alpha))))) -> 0 | W37: =IF(RAND()<P_Zero,0,IF(RAND()<CondReturn,_xlfn.LOGNORM.INV(RAND(),MV2,Sigma1),IF(RAND()<CondGood,_xlfn.LOGNORM.INV(RAND(),MV3,Sigma2),MIN(MaxMultiple,Xm/(1-RAND())^(1/Alpha))))) -> 29.0625 | X37: =IF(RAND()<P_Zero,0,IF(RAND()<CondReturn,_xlfn.LOGNORM.INV(RAND(),MV2,Sigma1),IF(RAND()<CondGood,_xlfn.LOGNORM.INV(RAND(),MV3,Sigma2),MIN(MaxMultiple,Xm/(1-RAND())^(1/Alpha))))) -> 0.58272674 | Y37: =IF(RAND()<P_Zero,0,IF(RAND()<CondReturn,_xlfn.LOGNORM.INV(RAND(),MV2,Sigma1),IF(RAND()<CondGood,_xlfn.LOGNORM.INV(RAND(),MV3,Sigma2),MIN(MaxMultiple,Xm/(1-RAND())^(1/Alpha))))) -> 100.9331 | Z37: =IF(RAND()<P_Zero,0,IF(RAND()<CondReturn,_xlfn.LOGNORM.INV(RAND(),MV2,Sigma1),IF(RAND()<CondGood,_xlfn.LOGNORM.INV(RAND(),MV3,Sigma2),MIN(MaxMultiple,Xm/(1-RAND())^(1/Alpha))))) -> 0.91062411 | AA37: =IF(RAND()<P_Zero,0,IF(RAND()<CondReturn,_xlfn.LOGNORM.INV(RAND(),MV2,Sigma1),IF(RAND()<CondGood,_xlfn.LOGNORM.INV(RAND(),MV3,Sigma2),MIN(MaxMultiple,Xm/(1-RAND())^(1/Alpha))))) -> 1.144896 | AB37: =AVERAGE(C37:AA37) -> 8.715302 | AC37: =AB37*InvestableCapital -> 4.183345e+08 | AD37: =AC37-InvestableCapital -> 3.703345e+08 | AE37: =HurdleToggle*InvestableCapital*((1+HurdleRate)^FeeYears-1) -> 55628400 | AF37: =MAX(0,AD37-AE37) -> 3.147061e+08 | AG37: =CarryRate*AF37 -> 62941220 | AH37: =AC37-AG37 -> 3.5539328e+08 | AI37: =AH37/FundSize -> 5.9232213
B38: 33 | C38: =IF(RAND()<P_Zero,0,IF(RAND()<CondReturn,_xlfn.LOGNORM.INV(RAND(),MV2,Sigma1),IF(RAND()<CondGood,_xlfn.LOGNORM.INV(RAND(),MV3,Sigma2),MIN(MaxMultiple,Xm/(1-RAND())^(1/Alpha))))) -> 0 | D38: =IF(RAND()<P_Zero,0,IF(RAND()<CondReturn,_xlfn.LOGNORM.INV(RAND(),MV2,Sigma1),IF(RAND()<CondGood,_xlfn.LOGNORM.INV(RAND(),MV3,Sigma2),MIN(MaxMultiple,Xm/(1-RAND())^(1/Alpha))))) -> 0.18630576 | E38: =IF(RAND()<P_Zero,0,IF(RAND()<CondReturn,_xlfn.LOGNORM.INV(RAND(),MV2,Sigma1),IF(RAND()<CondGood,_xlfn.LOGNORM.INV(RAND(),MV3,Sigma2),MIN(MaxMultiple,Xm/(1-RAND())^(1/Alpha))))) -> 0 | F38: =IF(RAND()<P_Zero,0,IF(RAND()<CondReturn,_xlfn.LOGNORM.INV(RAND(),MV2,Sigma1),IF(RAND()<CondGood,_xlfn.LOGNORM.INV(RAND(),MV3,Sigma2),MIN(MaxMultiple,Xm/(1-RAND())^(1/Alpha))))) -> 0 | G38: =IF(RAND()<P_Zero,0,IF(RAND()<CondReturn,_xlfn.LOGNORM.INV(RAND(),MV2,Sigma1),IF(RAND()<CondGood,_xlfn.LOGNORM.INV(RAND(),MV3,Sigma2),MIN(MaxMultiple,Xm/(1-RAND())^(1/Alpha))))) -> 0.75715556 | H38: =IF(RAND()<P_Zero,0,IF(RAND()<CondReturn,_xlfn.LOGNORM.INV(RAND(),MV2,Sigma1),IF(RAND()<CondGood,_xlfn.LOGNORM.INV(RAND(),MV3,Sigma2),MIN(MaxMultiple,Xm/(1-RAND())^(1/Alpha))))) -> 0 | I38: =IF(RAND()<P_Zero,0,IF(RAND()<CondReturn,_xlfn.LOGNORM.INV(RAND(),MV2,Sigma1),IF(RAND()<CondGood,_xlfn.LOGNORM.INV(RAND(),MV3,Sigma2),MIN(MaxMultiple,Xm/(1-RAND())^(1/Alpha))))) -> 0.87052131 | J38: =IF(RAND()<P_Zero,0,IF(RAND()<CondReturn,_xlfn.LOGNORM.INV(RAND(),MV2,Sigma1),IF(RAND()<CondGood,_xlfn.LOGNORM.INV(RAND(),MV3,Sigma2),MIN(MaxMultiple,Xm/(1-RAND())^(1/Alpha))))) -> 0.85207489 | K38: =IF(RAND()<P_Zero,0,IF(RAND()<CondReturn,_xlfn.LOGNORM.INV(RAND(),MV2,Sigma1),IF(RAND()<CondGood,_xlfn.LOGNORM.INV(RAND(),MV3,Sigma2),MIN(MaxMultiple,Xm/(1-RAND())^(1/Alpha))))) -> 1.1171418 | L38: =IF(RAND()<P_Zero,0,IF(RAND()<CondReturn,_xlfn.LOGNORM.INV(RAND(),MV2,Sigma1),IF(RAND()<CondGood,_xlfn.LOGNORM.INV(RAND(),MV3,Sigma2),MIN(MaxMultiple,Xm/(1-RAND())^(1/Alpha))))) -> 0.82450129 | M38: =IF(RAND()<P_Zero,0,IF(RAND()<CondReturn,_xlfn.LOGNORM.INV(RAND(),MV2,Sigma1),IF(RAND()<CondGood,_xlfn.LOGNORM.INV(RAND(),MV3,Sigma2),MIN(MaxMultiple,Xm/(1-RAND())^(1/Alpha))))) -> 0.41830433 | N38: =IF(RAND()<P_Zero,0,IF(RAND()<CondReturn,_xlfn.LOGNORM.INV(RAND(),MV2,Sigma1),IF(RAND()<CondGood,_xlfn.LOGNORM.INV(RAND(),MV3,Sigma2),MIN(MaxMultiple,Xm/(1-RAND())^(1/Alpha))))) -> 0 | O38: =IF(RAND()<P_Zero,0,IF(RAND()<CondReturn,_xlfn.LOGNORM.INV(RAND(),MV2,Sigma1),IF(RAND()<CondGood,_xlfn.LOGNORM.INV(RAND(),MV3,Sigma2),MIN(MaxMultiple,Xm/(1-RAND())^(1/Alpha))))) -> 1.158307 | P38: =IF(RAND()<P_Zero,0,IF(RAND()<CondReturn,_xlfn.LOGNORM.INV(RAND(),MV2,Sigma1),IF(RAND()<CondGood,_xlfn.LOGNORM.INV(RAND(),MV3,Sigma2),MIN(MaxMultiple,Xm/(1-RAND())^(1/Alpha))))) -> 1.5295085 | Q38: =IF(RAND()<P_Zero,0,IF(RAND()<CondReturn,_xlfn.LOGNORM.INV(RAND(),MV2,Sigma1),IF(RAND()<CondGood,_xlfn.LOGNORM.INV(RAND(),MV3,Sigma2),MIN(MaxMultiple,Xm/(1-RAND())^(1/Alpha))))) -> 1.2510549 | R38: =IF(RAND()<P_Zero,0,IF(RAND()<CondReturn,_xlfn.LOGNORM.INV(RAND(),MV2,Sigma1),IF(RAND()<CondGood,_xlfn.LOGNORM.INV(RAND(),MV3,Sigma2),MIN(MaxMultiple,Xm/(1-RAND())^(1/Alpha))))) -> 0.71143938 | S38: =IF(RAND()<P_Zero,0,IF(RAND()<CondReturn,_xlfn.LOGNORM.INV(RAND(),MV2,Sigma1),IF(RAND()<CondGood,_xlfn.LOGNORM.INV(RAND(),MV3,Sigma2),MIN(MaxMultiple,Xm/(1-RAND())^(1/Alpha))))) -> 1.7745007 | T38: =IF(RAND()<P_Zero,0,IF(RAND()<CondReturn,_xlfn.LOGNORM.INV(RAND(),MV2,Sigma1),IF(RAND()<CondGood,_xlfn.LOGNORM.INV(RAND(),MV3,Sigma2),MIN(MaxMultiple,Xm/(1-RAND())^(1/Alpha))))) -> 0 | U38: =IF(RAND()<P_Zero,0,IF(RAND()<CondReturn,_xlfn.LOGNORM.INV(RAND(),MV2,Sigma1),IF(RAND()<CondGood,_xlfn.LOGNORM.INV(RAND(),MV3,Sigma2),MIN(MaxMultiple,Xm/(1-RAND())^(1/Alpha))))) -> 0 | V38: =IF(RAND()<P_Zero,0,IF(RAND()<CondReturn,_xlfn.LOGNORM.INV(RAND(),MV2,Sigma1),IF(RAND()<CondGood,_xlfn.LOGNORM.INV(RAND(),MV3,Sigma2),MIN(MaxMultiple,Xm/(1-RAND())^(1/Alpha))))) -> 0.38982976 | W38: =IF(RAND()<P_Zero,0,IF(RAND()<CondReturn,_xlfn.LOGNORM.INV(RAND(),MV2,Sigma1),IF(RAND()<CondGood,_xlfn.LOGNORM.INV(RAND(),MV3,Sigma2),MIN(MaxMultiple,Xm/(1-RAND())^(1/Alpha))))) -> 2.1169819 | X38: =IF(RAND()<P_Zero,0,IF(RAND()<CondReturn,_xlfn.LOGNORM.INV(RAND(),MV2,Sigma1),IF(RAND()<CondGood,_xlfn.LOGNORM.INV(RAND(),MV3,Sigma2),MIN(MaxMultiple,Xm/(1-RAND())^(1/Alpha))))) -> 0 | Y38: =IF(RAND()<P_Zero,0,IF(RAND()<CondReturn,_xlfn.LOGNORM.INV(RAND(),MV2,Sigma1),IF(RAND()<CondGood,_xlfn.LOGNORM.INV(RAND(),MV3,Sigma2),MIN(MaxMultiple,Xm/(1-RAND())^(1/Alpha))))) -> 0 | Z38: =IF(RAND()<P_Zero,0,IF(RAND()<CondReturn,_xlfn.LOGNORM.INV(RAND(),MV2,Sigma1),IF(RAND()<CondGood,_xlfn.LOGNORM.INV(RAND(),MV3,Sigma2),MIN(MaxMultiple,Xm/(1-RAND())^(1/Alpha))))) -> 0.31732705 | AA38: =IF(RAND()<P_Zero,0,IF(RAND()<CondReturn,_xlfn.LOGNORM.INV(RAND(),MV2,Sigma1),IF(RAND()<CondGood,_xlfn.LOGNORM.INV(RAND(),MV3,Sigma2),MIN(MaxMultiple,Xm/(1-RAND())^(1/Alpha))))) -> 0 | AB38: =AVERAGE(C38:AA38) -> 0.57099817 | AC38: =AB38*InvestableCapital -> 27407912 | AD38: =AC38-InvestableCapital -> -20592088 | AE38: =HurdleToggle*InvestableCapital*((1+HurdleRate)^FeeYears-1) -> 55628400 | AF38: =MAX(0,AD38-AE38) -> 0 | AG38: =CarryRate*AF38 -> 0 | AH38: =AC38-AG38 -> 27407912 | AI38: =AH38/FundSize -> 0.45679853
B39: 34 | C39: =IF(RAND()<P_Zero,0,IF(RAND()<CondReturn,_xlfn.LOGNORM.INV(RAND(),MV2,Sigma1),IF(RAND()<CondGood,_xlfn.LOGNORM.INV(RAND(),MV3,Sigma2),MIN(MaxMultiple,Xm/(1-RAND())^(1/Alpha))))) -> 0 | D39: =IF(RAND()<P_Zero,0,IF(RAND()<CondReturn,_xlfn.LOGNORM.INV(RAND(),MV2,Sigma1),IF(RAND()<CondGood,_xlfn.LOGNORM.INV(RAND(),MV3,Sigma2),MIN(MaxMultiple,Xm/(1-RAND())^(1/Alpha))))) -> 0.32677765 | E39: =IF(RAND()<P_Zero,0,IF(RAND()<CondReturn,_xlfn.LOGNORM.INV(RAND(),MV2,Sigma1),IF(RAND()<CondGood,_xlfn.LOGNORM.INV(RAND(),MV3,Sigma2),MIN(MaxMultiple,Xm/(1-RAND())^(1/Alpha))))) -> 0.95156476 | F39: =IF(RAND()<P_Zero,0,IF(RAND()<CondReturn,_xlfn.LOGNORM.INV(RAND(),MV2,Sigma1),IF(RAND()<CondGood,_xlfn.LOGNORM.INV(RAND(),MV3,Sigma2),MIN(MaxMultiple,Xm/(1-RAND())^(1/Alpha))))) -> 0 | G39: =IF(RAND()<P_Zero,0,IF(RAND()<CondReturn,_xlfn.LOGNORM.INV(RAND(),MV2,Sigma1),IF(RAND()<CondGood,_xlfn.LOGNORM.INV(RAND(),MV3,Sigma2),MIN(MaxMultiple,Xm/(1-RAND())^(1/Alpha))))) -> 1.102382 | H39: =IF(RAND()<P_Zero,0,IF(RAND()<CondReturn,_xlfn.LOGNORM.INV(RAND(),MV2,Sigma1),IF(RAND()<CondGood,_xlfn.LOGNORM.INV(RAND(),MV3,Sigma2),MIN(MaxMultiple,Xm/(1-RAND())^(1/Alpha))))) -> 1.814528 | I39: =IF(RAND()<P_Zero,0,IF(RAND()<CondReturn,_xlfn.LOGNORM.INV(RAND(),MV2,Sigma1),IF(RAND()<CondGood,_xlfn.LOGNORM.INV(RAND(),MV3,Sigma2),MIN(MaxMultiple,Xm/(1-RAND())^(1/Alpha))))) -> 0 | J39: =IF(RAND()<P_Zero,0,IF(RAND()<CondReturn,_xlfn.LOGNORM.INV(RAND(),MV2,Sigma1),IF(RAND()<CondGood,_xlfn.LOGNORM.INV(RAND(),MV3,Sigma2),MIN(MaxMultiple,Xm/(1-RAND())^(1/Alpha))))) -> 0.81468597 | K39: =IF(RAND()<P_Zero,0,IF(RAND()<CondReturn,_xlfn.LOGNORM.INV(RAND(),MV2,Sigma1),IF(RAND()<CondGood,_xlfn.LOGNORM.INV(RAND(),MV3,Sigma2),MIN(MaxMultiple,Xm/(1-RAND())^(1/Alpha))))) -> 3.0755472 | L39: =IF(RAND()<P_Zero,0,IF(RAND()<CondReturn,_xlfn.LOGNORM.INV(RAND(),MV2,Sigma1),IF(RAND()<CondGood,_xlfn.LOGNORM.INV(RAND(),MV3,Sigma2),MIN(MaxMultiple,Xm/(1-RAND())^(1/Alpha))))) -> 1.2430719 | M39: =IF(RAND()<P_Zero,0,IF(RAND()<CondReturn,_xlfn.LOGNORM.INV(RAND(),MV2,Sigma1),IF(RAND()<CondGood,_xlfn.LOGNORM.INV(RAND(),MV3,Sigma2),MIN(MaxMultiple,Xm/(1-RAND())^(1/Alpha))))) -> 1.6466831 | N39: =IF(RAND()<P_Zero,0,IF(RAND()<CondReturn,_xlfn.LOGNORM.INV(RAND(),MV2,Sigma1),IF(RAND()<CondGood,_xlfn.LOGNORM.INV(RAND(),MV3,Sigma2),MIN(MaxMultiple,Xm/(1-RAND())^(1/Alpha))))) -> 0.95786383 | O39: =IF(RAND()<P_Zero,0,IF(RAND()<CondReturn,_xlfn.LOGNORM.INV(RAND(),MV2,Sigma1),IF(RAND()<CondGood,_xlfn.LOGNORM.INV(RAND(),MV3,Sigma2),MIN(MaxMultiple,Xm/(1-RAND())^(1/Alpha))))) -> 0.59722842 | P39: =IF(RAND()<P_Zero,0,IF(RAND()<CondReturn,_xlfn.LOGNORM.INV(RAND(),MV2,Sigma1),IF(RAND()<CondGood,_xlfn.LOGNORM.INV(RAND(),MV3,Sigma2),MIN(MaxMultiple,Xm/(1-RAND())^(1/Alpha))))) -> 1.4285453 | Q39: =IF(RAND()<P_Zero,0,IF(RAND()<CondReturn,_xlfn.LOGNORM.INV(RAND(),MV2,Sigma1),IF(RAND()<CondGood,_xlfn.LOGNORM.INV(RAND(),MV3,Sigma2),MIN(MaxMultiple,Xm/(1-RAND())^(1/Alpha))))) -> 0 | R39: =IF(RAND()<P_Zero,0,IF(RAND()<CondReturn,_xlfn.LOGNORM.INV(RAND(),MV2,Sigma1),IF(RAND()<CondGood,_xlfn.LOGNORM.INV(RAND(),MV3,Sigma2),MIN(MaxMultiple,Xm/(1-RAND())^(1/Alpha))))) -> 1.0963442 | S39: =IF(RAND()<P_Zero,0,IF(RAND()<CondReturn,_xlfn.LOGNORM.INV(RAND(),MV2,Sigma1),IF(RAND()<CondGood,_xlfn.LOGNORM.INV(RAND(),MV3,Sigma2),MIN(MaxMultiple,Xm/(1-RAND())^(1/Alpha))))) -> 1.7479961 | T39: =IF(RAND()<P_Zero,0,IF(RAND()<CondReturn,_xlfn.LOGNORM.INV(RAND(),MV2,Sigma1),IF(RAND()<CondGood,_xlfn.LOGNORM.INV(RAND(),MV3,Sigma2),MIN(MaxMultiple,Xm/(1-RAND())^(1/Alpha))))) -> 0 | U39: =IF(RAND()<P_Zero,0,IF(RAND()<CondReturn,_xlfn.LOGNORM.INV(RAND(),MV2,Sigma1),IF(RAND()<CondGood,_xlfn.LOGNORM.INV(RAND(),MV3,Sigma2),MIN(MaxMultiple,Xm/(1-RAND())^(1/Alpha))))) -> 0 | V39: =IF(RAND()<P_Zero,0,IF(RAND()<CondReturn,_xlfn.LOGNORM.INV(RAND(),MV2,Sigma1),IF(RAND()<CondGood,_xlfn.LOGNORM.INV(RAND(),MV3,Sigma2),MIN(MaxMultiple,Xm/(1-RAND())^(1/Alpha))))) -> 0.53586906 | W39: =IF(RAND()<P_Zero,0,IF(RAND()<CondReturn,_xlfn.LOGNORM.INV(RAND(),MV2,Sigma1),IF(RAND()<CondGood,_xlfn.LOGNORM.INV(RAND(),MV3,Sigma2),MIN(MaxMultiple,Xm/(1-RAND())^(1/Alpha))))) -> 0.9519989 | X39: =IF(RAND()<P_Zero,0,IF(RAND()<CondReturn,_xlfn.LOGNORM.INV(RAND(),MV2,Sigma1),IF(RAND()<CondGood,_xlfn.LOGNORM.INV(RAND(),MV3,Sigma2),MIN(MaxMultiple,Xm/(1-RAND())^(1/Alpha))))) -> 1.2703659 | Y39: =IF(RAND()<P_Zero,0,IF(RAND()<CondReturn,_xlfn.LOGNORM.INV(RAND(),MV2,Sigma1),IF(RAND()<CondGood,_xlfn.LOGNORM.INV(RAND(),MV3,Sigma2),MIN(MaxMultiple,Xm/(1-RAND())^(1/Alpha))))) -> 13.657334 | Z39: =IF(RAND()<P_Zero,0,IF(RAND()<CondReturn,_xlfn.LOGNORM.INV(RAND(),MV2,Sigma1),IF(RAND()<CondGood,_xlfn.LOGNORM.INV(RAND(),MV3,Sigma2),MIN(MaxMultiple,Xm/(1-RAND())^(1/Alpha))))) -> 1.1385458 | AA39: =IF(RAND()<P_Zero,0,IF(RAND()<CondReturn,_xlfn.LOGNORM.INV(RAND(),MV2,Sigma1),IF(RAND()<CondGood,_xlfn.LOGNORM.INV(RAND(),MV3,Sigma2),MIN(MaxMultiple,Xm/(1-RAND())^(1/Alpha))))) -> 11.827397 | AB39: =AVERAGE(C39:AA39) -> 1.8473892 | AC39: =AB39*InvestableCapital -> 88674680 | AD39: =AC39-InvestableCapital -> 40674680 | AE39: =HurdleToggle*InvestableCapital*((1+HurdleRate)^FeeYears-1) -> 55628400 | AF39: =MAX(0,AD39-AE39) -> 0 | AG39: =CarryRate*AF39 -> 0 | AH39: =AC39-AG39 -> 88674680 | AI39: =AH39/FundSize -> 1.4779113
